,p_prism_cvws,p_gpm_cvws,p_dmet_cvws,p_chirps_cvws,p_psn_cvws,aet_modis_cvws,aet_gldas_cvws,aet_tc_cvws,aet_fldas_cvws,pet_modis_cvws,pet_gldas_cvws,pet_tc_cvws,pet_nldas_cvws,pet_gmet_cvws,sm_smos_cvws,sm_smap_cvws,sm_tc_cvws,sm_gldas_cvws,swe_gldas_cvws,swe_fldas_cvws,swe_dmet_cvws,swe_tc_cvws
2001-01-31,16.032533738800794,15.633288695045813,16.984920228995808,15.969197216788885,15.95566573080912,3.5095738174491578,2.602354824885726,4.072628079685326,4.1976395346958,10.580904389229067,6.258228154691426,4.234018975400266,8.311585505392348,6.056964195573333,,,13.92701652568064,62.47732111050091,1.3848136418398915,1.910001636080137,4.650753387906751,5.19898655970083
2001-02-28,20.380957804384046,20.32924876524427,22.094883703753347,18.249361338541124,19.34306116218616,2.8748139014555116,3.7080225943482725,4.856344436591777,5.537205415674837,6.524840429933051,6.943922641565514,5.101320508440669,9.121915726680095,7.1670706322740365,,,19.221226230163175,71.06713818927393,3.301980342291313,3.9212206206216953,7.593705093694454,8.968519312516516
2001-03-31,9.733723132981616,9.114379319757962,10.005137645931223,11.782583663234496,9.737175455405735,6.062204128904817,8.053310891937754,8.632155370303861,9.644813877736054,17.58315804325035,16.95312109647701,12.190410372951344,19.016286041033133,14.360154140534412,,,19.107870197462436,81.02010564762895,3.3404015003545218,4.245604881469041,9.58435371775612,4.495732022135466
2001-04-30,10.74072158686276,9.770188769889613,11.158612984154585,9.009346524884528,9.138262043053897,4.783071295850362,10.76945391827598,9.853861778326378,10.416487651547344,15.982046370901523,26.27720079128769,15.480023655157675,24.012180588212754,17.040486273301692,,,17.27715478970288,78.74567035080196,0.7003245023091929,1.721930036103617,9.979663755210495,4.518939862353316
2001-05-31,0.3393859916589831,0.3336222802976884,0.20079768119688776,1.5526794152926005,0.544934768402805,6.749511778013569,14.463900418924007,8.499731584637532,12.377734157160486,37.9662901523545,55.833344979737994,28.987782730084994,44.30364337830887,32.66073013455795,,,11.572004452116278,68.80534459496586,0.021913560991323723,0.2231010785100912,8.725429048983008,0.23437354842152155
2001-06-30,1.0898330936325227,1.0432933724925804,1.1011912974947633,1.2960458915890112,1.2468482706561792,3.3283890514465537,9.563632677489906,5.864203342054961,8.65155940754975,27.130244699429554,59.4528722923146,32.17388046056386,49.02000329168524,32.73789215869538,,,7.338402035692324,57.49205886058965,0.0012718394725238572,0.0007083535287734078,6.116688948417486,0.017420567672470588
2001-07-31,0.8916838759286734,0.7666744514688285,0.595916533195919,0.6203323402346278,0.7472351976722096,5.943430172723492,6.293725227705965,2.829134709442267,6.185170682449971,40.57690371635966,57.438425806030736,32.52324639185475,52.41298516542739,33.51433352576976,,,5.457013014771753,50.75580523597124,0.002693408004880614,0.0,4.016777038792867,0.0019636771900235295
2001-08-31,0.03254486987469873,0.14411213067494105,0.013678591696196908,0.46103274809650435,0.08509388946162373,3.767228899457559,3.1002742024722285,1.2099698396392868,3.4033140089409533,38.74136232373127,57.88344350748089,31.068745626065468,50.565472141578105,32.05190452650971,,,4.4210619134008216,46.39839526528369,0.004048649263006229,0.0,2.4859050928326076,0.0
2001-09-30,1.6460293544470446,1.4318666122662926,1.5398329192507112,2.2114844195117507,1.2938439602018186,3.84717762507339,2.0130035658861907,2.4720395584187447,2.296278983381145,30.31805403804903,44.33311737259088,22.764234013354898,38.5227103218174,23.909774541421385,,,3.7412223375235514,44.50229615826342,0.005312619894181504,0.0,1.496330144461034,0.0
2001-10-31,3.5532721252239967,3.261405157218334,3.8848000913441063,4.748077599247143,2.9707126827316577,2.3376083871474824,1.6850078436195508,3.7085370092591754,1.6719814331500542,15.830645372771178,34.38136848862424,14.862052515766004,28.097835514866745,17.40949732966066,,,3.2923107550465,44.18534168287786,0.006366917530730826,0.0038160782403589178,0.9960538370876416,0.0
2001-11-30,20.58365778195985,19.97984928120166,23.51589202284892,20.86118943726799,17.881853982851126,2.3771096090276234,2.2931088717321524,7.433378473783124,3.9102835703071737,9.064397752746077,11.039203432312382,7.857102045651533,11.706398115913139,6.916766153155431,,,14.991439948510468,50.415308419574785,0.2749758958277585,0.6725956683789795,1.2046215712156052,0.40507520185123136
2001-12-31,29.57283567851571,26.751099988655707,30.31748915799451,26.653699401799948,25.720897214485984,1.7149220813061532,1.8628220004250327,3.934096429918104,3.4797596332494454,3.5221871169700583,4.2391082463670955,4.24585048636198,5.722282467264643,4.612628188707846,,,22.800319464515862,65.28086577092532,3.0493830941069,6.175612770078409,4.1574228114581,5.139631670456721
2002-01-31,11.714890090449314,10.581797705700515,11.88517371092138,11.999869459972993,10.31666340680852,2.36993292040091,2.582572890061432,3.0302937171271225,4.274756972071464,6.148380178333811,6.382917707624349,3.8574585986989463,7.057525744486273,5.714270361105813,,,23.176506338573454,80.26275281267158,4.798413436371899,7.204478639638873,2.9180042095877523,7.215668417001913
2002-02-28,7.21397803687326,6.6966658651333315,7.306308071258091,6.906112517059706,6.398269227991362,3.86887796740567,4.3697415067892384,3.986445445440084,6.254934810010216,12.373628150649614,10.574250069361153,6.441184831274131,9.676715808302038,8.769735138515596,,,22.609938903305437,78.770216409547,4.2484195460447065,6.550062532646222,3.463232991656266,7.025390525395827
2002-03-31,12.155117583281921,10.499116028886219,12.497561572488827,10.887973539420269,9.66914953652549,4.8309288055326745,8.03646994404299,6.808871184041227,8.733717852406016,15.294217728979993,19.301902774022977,10.688333114044896,16.436996559536045,13.718666128767858,,,21.56715714943016,81.22985796395088,2.1568184384026994,4.946943841914374,3.972631670008554,7.3013942318903196
2002-04-30,4.337388165581856,4.509107814379314,4.896376425043814,4.9653280597900435,4.254308398010972,4.996017799417192,10.182857950767403,8.304648893455603,10.007421475000948,16.84666818368411,31.07054362006453,16.4594033764491,23.636476101324483,17.83335452325612,,,17.772619244742778,76.42754401895564,0.11292931572533937,1.630111525856538,3.629216018870509,2.692028177267451
2002-05-31,4.128341840537901,3.4087311558636335,3.8067137540043907,3.3240470767995567,3.3565773968246537,6.834770826990054,11.885127764356383,9.28270987416461,10.859711014295936,32.45386622739499,46.393692231237765,24.725919914011577,36.69285228600041,26.976804647999217,,,13.081659846227124,67.96565208534358,0.02646859019534476,0.46748987626483857,3.1899253171215562,1.0306658172205176
2002-06-30,0.2653358654395033,0.40116754240322583,0.08114440329258758,0.8209937272053773,0.4332454903934705,6.878247400245103,10.64427920216122,6.236503657897166,10.598136705365874,41.44041062708845,61.398299549182475,31.408535387055487,47.812449203407574,32.9056883312641,,,8.150873371331967,58.208731530193575,0.0013966375120782225,0.037969993399323256,2.057859886944875,0.033230081790996076
2002-07-31,0.22256083650595676,0.19310744256737566,0.015503804398734092,0.4070879982619891,0.0929506841602447,4.809610503281615,6.531098366839248,2.961329638992377,7.538534662134875,41.72224842572104,64.35575092017385,33.87302341769267,53.384132664023966,35.35242378793272,,,5.759137708411883,49.911400008758854,0.0009297760597104238,0.0,0.9369161688003608,0.0
2002-08-31,0.007985703146648085,0.08873816310856138,0.0002707803591974641,0.4425181111661714,0.024844655201895695,3.6470171620552887,2.983457130081574,1.4515844772996096,3.8380546921416356,38.39413079900222,58.8144268792661,30.428229645697282,49.78886934836402,31.17039114836018,,,4.579962538164304,45.35617907300699,0.0013999433152480053,0.0,0.35025859268667786,0.0
2002-09-30,0.2257158680466801,0.20677722364185677,0.170138009432383,1.0161778896106917,0.033098601616200235,3.4846701577156964,1.4025397987414023,1.1151523438015192,2.1349757222982135,30.743476635296616,47.338424636196294,22.910183724392088,39.32597198685814,24.315997124208604,,,3.8355660702736074,43.32004460723696,0.001993749032235393,0.00011157548800367617,0.14253082488902175,0.0
2002-10-31,0.1343790130329706,0.3441377851513812,0.10269178825772891,1.4189386360529,0.15911313826981016,2.2410884735859176,0.6928607698244982,0.7527909071599654,1.3614133503757304,15.53042015575268,33.33382778119907,14.01669663511973,26.881186597759314,16.287571962522815,,,3.31263144781061,42.46055289430627,0.009837011974392056,0.0066234570218390585,0.09116329022021821,0.0
2002-11-30,16.394260357420993,15.677370358754219,17.511275343641437,14.511603159716119,13.70710609583354,2.4117460516217846,3.1129153270231966,7.3209725054045744,3.3052710222365427,11.435535739538665,16.997797586273283,7.938041721464464,13.577262322066485,8.925151809627172,,,9.909840162761386,48.60255883149583,0.10877335346062769,0.879164315832917,0.2469396357701934,0.42840758808094126
2002-12-31,38.91032889940938,36.28737270552237,40.797710044522944,34.45613543116972,35.24358729488988,1.8215905472603058,2.65243335881738,4.624263799613676,3.1177791168689875,4.31399230135369,6.659514852328928,4.902885554865971,6.831355210157684,4.5015833000947545,,,23.087258513164652,62.92875913459174,1.7926641363174178,2.9763157791515966,1.2733372578432913,4.4740523516064625
2003-01-31,9.717185640658466,8.976421172904919,9.586118096913289,9.740237874429624,8.492988161644577,2.412879214633334,3.524327554643134,3.8831699230786536,4.2597775277203445,6.671512191770143,8.742871741626649,5.447584633638046,8.138538742315225,6.1965264494897285,,,23.09564378651628,80.00833020984703,2.113632676760309,4.567339347016425,1.8729823857295804,2.731212136644768
2003-02-28,8.988066757844509,9.262638867474074,9.715574369114695,11.111986752914989,9.039500092747474,4.00300903864559,4.729836726239012,4.6378158233467754,6.439474189626459,11.062216318386643,12.225564361180792,5.378545043985278,10.92899593428192,7.97225795259392,,,23.449642456301728,81.45182494148489,0.8295898440544816,3.0738769001633965,1.5409550519713444,4.952568981022116
2003-03-31,12.120550369361158,10.72189504202715,13.400466798284505,11.813076395824647,10.793139647680187,5.934662984624099,9.128438700655892,8.476847719096986,9.229149243809132,16.057662717173205,21.83683636802568,12.402997648285048,17.381067242660755,13.936964444348533,,,22.07194153070792,81.43459679262439,0.5199581332555953,2.759605960747167,2.1159531936370297,4.081249181475138
2003-04-30,20.81246896194606,19.248462873385268,21.64973928813112,15.422114926054693,19.510358262793737,4.279970726165104,9.81217843759919,10.077762955624836,9.157231362865636,12.091106063332427,21.89613479700439,13.142783315500978,19.59726754388283,13.822800367641516,,,21.949344194155216,83.5117770693764,0.45295443336863034,2.433020592046026,3.0279773251578534,5.376601006292831
2003-05-31,6.334410736479571,5.547853843589685,6.736089092795792,4.955044125426454,5.418027009613378,7.253001949476315,15.076995283299745,11.345472177624435,12.429509807207973,29.08701194968266,43.87378927953608,23.620218633543256,34.291297330007545,25.49711773351669,,,16.24988721258817,78.90640521037119,0.14156953404086084,1.6361878357202144,3.237034186940024,1.3246684838128941
2003-06-30,0.11637874921621844,0.21417881628067034,0.028204218947516766,0.750224444685346,0.17666806556470613,7.258630268800878,13.137473186968414,7.53310670063385,11.918389894935487,40.83523992444057,60.318869020783154,30.882132685607072,46.54654979203632,32.140498646631855,,,9.722102024395998,63.71378343430454,0.0003625507433375424,0.1528423263078775,1.9187034479233274,0.03655228549722353
2003-07-31,0.6869659226827496,0.825743427958364,0.9721265592213479,0.6439617033904905,0.7137729271561325,4.169493289631178,8.543570288699906,4.340130260967236,8.865502989721984,40.72888625519056,65.33988310537464,34.094097077915045,53.792311637859015,35.97111668533586,,,6.5265756816331795,53.085036041618764,3.707060780675044e-05,0.004978165044064743,0.9059499657058246,0.0
2003-08-31,2.6854640454975818,2.5033525910669017,2.4562708761598007,1.3730976339000707,2.445161616643804,5.17526511668849,5.437151747385767,5.034779821435191,5.350693210237586,37.9144366262262,55.72392485654324,29.408806717833567,46.843161965773966,29.240604400866257,,,5.05442181239788,48.39610821104448,3.413902684915849e-05,0.0,0.34290436230206034,0.0
2003-09-30,0.5225027069540622,0.5659425994784513,0.4926468429909958,1.3439598880535697,0.5164720104448997,3.860552008805683,2.6564760989845912,1.4533475195837504,3.4492103368604217,30.62785243785114,48.570850017411935,22.80868430694345,40.28353875452121,25.229624067602053,,,4.158819823488302,45.73620900889705,0.00021827040679513746,4.860051601398026e-06,0.16197483860803819,0.0
2003-10-31,0.15990244806269646,0.44105263764951796,0.6116514066715888,1.5443364101796688,0.28559755033561796,2.220090160682725,1.2164108667628561,1.0172254999472479,1.5391385032433367,18.6498845920594,37.67976056225282,16.051537717164052,29.84064689663677,18.663835121278872,,,3.5516309329345757,44.15608555076544,0.0020464925137791525,0.00034568956872719223,0.09710461873234086,0.0
2003-11-30,10.412039878326453,10.130961847063439,11.482560315338661,11.44587007632363,9.288962068651735,2.5225799035852323,1.5617655879172065,4.970250767749622,2.6362800764560346,8.76629797172847,12.132966236600172,6.371377530575086,11.357282070462643,7.070201373339292,,,8.079239380649462,45.53487994368513,0.14082921499192028,0.6848967607207708,0.4847774280591597,0.8616312368549649
2003-12-31,31.48278241642191,28.706171366844718,35.37045992126762,26.030346763436114,26.383896076045115,1.6089832417669259,2.4103268822757578,4.261506926521023,3.5888961351652586,3.8879454788638963,5.976741243886207,4.608672111582633,6.907378611675303,4.87596120942769,,,20.965794090955796,60.177110937258234,0.9023342635925122,2.260271406643574,1.1926799335368454,4.251185395153819
2004-01-31,11.818054365130823,10.410395947434258,10.5367397066824,10.953474626648074,10.162360370155897,2.5870690157292384,2.7063282968095197,3.1944364263763707,3.7591925308952807,6.220709775001861,6.158930080391448,3.9300617062938303,7.614434009384465,5.375809954271357,,,21.76009853776233,74.68934478878325,3.1279322952765867,5.9039520030213435,2.856348368257054,6.178158811842759
2004-02-29,27.157450535979592,27.126662012220756,29.874025133991978,24.764244588358718,25.4992228579969,3.1737546355272728,3.890083553614028,5.027060448839636,6.282297459637412,7.167273658849922,8.122188359298237,5.276086603119016,8.764349606249793,7.197426423260045,,,23.68853491555629,80.81792435542349,3.3429815422270477,5.684898737789818,3.737719515126697,10.499821966436391
2004-03-31,4.8465142605610385,4.156741082122625,4.213284585651958,5.630450114446115,4.105643618463017,6.422293335293271,10.821965835639782,8.774263099020473,10.79670165115708,21.429010690625056,25.638381145834963,14.072484814822422,20.262303339473593,16.704129118965543,,,20.78678908321029,83.08876878740362,1.5914811474797046,4.26473711839595,4.486914823108525,3.1447530469616933
2004-04-30,2.5345556399850313,2.62942165509378,2.755039233527219,3.3801634994596426,2.887572871727669,6.066578447484587,11.756041433472015,7.870544714940649,10.733815657721125,27.832424569216197,39.1778355933425,18.445386920063818,29.77067288890354,21.76805243383123,,,15.580240022406725,73.74478850025096,0.050831228432634816,1.0020485391760123,3.743270095806976,1.9251078974443927
2004-05-31,2.3945834723543675,2.276006866146669,2.568727453145688,2.8329043713136097,2.2806821752111035,5.144576076287731,10.796594520371812,7.451326173217629,9.499365277749803,24.225761882949342,50.3396011120417,25.395182529475207,40.34220070921032,27.842309551340342,,,10.872383316405712,63.818787271928876,0.007277663847836146,0.1357297931381527,3.025357963822889,0.6454176035900235
2004-06-30,0.508644734293967,0.49756151059842824,0.3482012206938925,1.0179997025536296,0.5090931966210277,7.166895800079989,9.133042178863748,4.871907192956467,9.725664091252844,40.113285261354434,59.60695283692484,30.333690445133318,49.30658582379705,32.30651938371141,,,7.177142165948938,55.75998367730787,0.0018935873847089457,0.007996197166336632,2.166677096906512,0.028950103774870586
2004-07-31,0.19093973207225848,0.22920301332601462,0.009919506128141232,0.44077666655411785,0.2478192650596784,5.5248801820151865,5.81427233429317,2.354632913037245,7.167261618210483,41.804378777379426,61.57882998183032,33.23386571073807,53.18887925927634,34.10673669902838,,,5.339003461792627,48.86049442304243,0.00201837746083901,0.0,1.2276596635748183,0.0
2004-08-31,0.27357691544063817,0.4064627224828007,0.1861583564742754,0.6686820200652763,0.33783849544275174,4.116149963190273,2.913599224271321,1.519922077014711,3.7744129350932125,37.5527111416216,55.4197253220721,29.849456471474934,49.391251218126406,30.88915964011719,,,4.338535026855454,44.8629120402625,0.002736312974198902,0.0,0.557876537568792,0.0
2004-09-30,0.5739335202846791,0.5283577966763598,0.576916627913479,1.2943435520032263,0.5950285642569452,3.7345808795805175,1.5090796332344327,1.4160517593795958,2.216006751070323,30.474951928318244,46.287789851461326,22.760210155263557,39.341230236573054,24.119914613957533,,,3.67617154683402,43.17198053156589,0.0038871215699287434,0.0019548584937962845,0.28731230301640315,0.0
2004-10-31,17.47138763835881,16.229850414296212,19.383552463186106,14.306242044802119,16.88265334882815,3.5646509386307517,2.3312750526266366,11.214147407791403,2.5840326116335817,15.881886138518475,24.702909712957474,13.691822523564849,22.772699353688623,13.848060841653025,,,8.263475269718338,46.051936324457984,0.2119157656115031,0.49749875984877306,0.4476755704599246,0.01520436344470588
2004-11-30,7.356497175457741,7.896338628207333,8.128793681166488,8.04369210964382,6.753589683178451,2.230612116942762,3.5613780314731063,4.747369506524416,4.139168196280481,6.8230832006749305,11.98374721465437,6.076668253724446,10.880270259422337,6.932144905617489,,,11.465114071716643,57.34528489818669,0.5816887493982701,1.4304113879540978,0.9954448565982837,1.0486555525842824
2004-12-31,22.327620032618412,22.648702881104768,22.98505478645906,21.101394598085218,24.077350586494052,2.099574802759802,2.7428043576018157,4.002389445104035,3.5072987899929178,6.1872631443742625,7.983156596993087,4.190761013762334,7.851072817942001,5.873958678616358,,,21.686483955966995,64.92138123491875,0.9734027302065602,2.2167952922092504,1.5254424334423564,6.510027347731073
2005-01-31,25.481687099685544,23.722698274676905,26.069784756293874,20.680289386618036,22.43832464162145,2.332131820213522,2.8660330778511343,2.9399662172556873,3.9233885559389137,4.789458358173761,5.101203712376833,3.0459039553432774,6.290479767617917,4.765103677499672,,,25.15103286074147,83.55483460022566,5.203507653104238,7.180268343795044,3.878349266049772,12.34496994637302
2005-02-28,13.392880974727273,14.561706589845311,15.47314947385482,14.770344567963559,14.360401281884352,4.258488831999142,4.553748235408418,5.006169026409082,6.575595399505182,8.19226191212493,8.736701363387432,5.26712824340666,9.618045795477073,7.213843124455659,,,25.65852265490191,88.50745363379878,4.3355481931083135,6.554220126772661,4.518152342554427,12.514198237352659
2005-03-31,20.218746771390723,18.23080155382628,21.52762647839431,17.51931306063248,16.90643408865675,6.11654052062936,9.365120950122725,9.774199880501579,9.609967884272217,15.641657500964161,18.820766372691654,11.203873976096597,16.922595122206424,13.08680637912554,,,24.81982179004496,90.72037630578471,2.578678828262803,5.672086027255226,5.288746587603667,8.8411048923136
2005-04-30,8.573995167543721,8.267784968718635,9.045310558104791,8.10292944357479,8.061335117072051,5.39599297253269,12.719880897735864,10.771415284665375,12.330944909535292,15.241777900266552,28.48415854416685,15.855874937332985,22.948829109322112,17.14305568446416,,,21.59746945114433,90.01360936432728,1.4909593083945119,4.843630592148471,6.56824462918842,6.7565208860230275
2005-05-31,16.143678173591205,13.763006295285155,16.693343090906957,10.09861528961038,13.00007399006738,8.234283495480769,15.48077510517453,13.089946246336028,12.97522565563761,26.915189244493394,37.58469355069139,23.18963680281759,30.98895296430986,23.213848986612884,,,17.67169265240987,86.69027898779316,0.5063311164926023,2.898759447075717,6.198579144621018,1.6247646243940388
2005-06-30,3.4191351890108477,3.456638316618954,3.714632352280148,1.6518581792912361,3.4812239767204067,8.316561617840806,14.554587381792677,9.658839146301391,11.588419632650142,37.01906509409216,48.18624933245459,28.549136196984346,39.48426526956394,27.82142787828514,,,11.865425780744435,75.33122518354423,0.005674670197909501,0.7182583076270345,5.122844971412886,0.15312064627250194
2005-07-31,0.10933776569045324,0.13791167902866716,0.007883715477540671,0.3287868846667993,0.14198875733122018,4.822735174541736,12.559365352271232,5.408617130024595,10.415192312222045,42.93387454772963,62.11411180404892,34.57550598166569,51.71286856362738,35.4694287947103,,,7.398144275119886,62.443698220566674,9.145780018542327e-05,0.0531121877294029,3.7265624261177663,0.0
2005-08-31,0.3057991752859962,0.4256750732596783,0.2981939990198922,0.5918590787653834,0.32504312657889933,4.312241414653489,6.468155479347737,2.618602988998139,6.209242330459757,38.42169848449403,57.07382972826214,30.591463380619444,48.97792097492976,32.25682921391273,,,5.541912357754679,53.32031735549346,7.862392174934824e-05,0.0,2.4826055130502165,0.0
2005-09-30,1.2186041918555341,1.2523163848464025,1.298003582610718,1.6939069789717252,1.1223925163283062,4.609290628824467,3.0374884402498674,2.3231769766265065,3.2267095720635584,28.860062540100433,41.99207788964654,21.61032459303615,35.46329869307987,22.377663385535662,,,4.494462244784088,49.1235338105121,0.0013099715348282447,0.0001403230069678573,1.870790999195319,0.0
2005-10-31,2.8226625525540787,3.0569163190001567,3.2134025890385627,3.4057289112689837,3.0635551537473527,2.8425506950509987,2.6459423192282956,3.734279682992899,2.5637193217838745,15.119096453325897,29.49195701815003,14.502507480089188,25.308970842508643,15.342987913570314,,,3.8404438291415848,48.49020722653725,0.005585251264100005,0.005531726649969103,1.5985843471567158,0.0
2005-11-30,9.677759621581787,10.350772348404465,12.151212809178753,10.253136717855318,10.408941473285482,2.3171583437941314,2.794039447835251,4.417842464655333,3.2607860094761563,10.93021750134143,15.969895689943217,7.690894297801989,14.04492919690495,8.828710314404825,,,7.194063126075432,52.578877308474254,0.12578400139892676,0.24869792513056596,1.476288338822611,0.16458677234346666
2005-12-31,40.62419502257249,40.37292475928819,44.75029249778924,39.12838749687699,37.86176218532706,1.3998890966342434,2.5979522800671644,4.2074334104281546,3.4625547862682087,4.021861699105923,7.139321134942316,4.537207719065797,7.008656626762849,5.433109791674515,,,21.831731840487105,64.89539179801046,0.7105784198571484,2.137680308635164,2.266731054968865,5.423631418665161
2006-01-31,25.34862818480063,22.53165074416468,22.9876690916659,20.302857157805256,21.83419888732608,2.3939157743830743,3.2177285203745125,4.5881767874389565,4.456795600938527,5.257217800735231,6.887226425938556,4.9055392594014595,7.547892221158521,5.775736411215256,,,24.08401048364855,89.76571445900441,1.9275050308413584,6.091562004619699,2.4808518324142934,8.59235917389101
2006-02-28,12.641771082112665,13.40718135497503,14.577572826800859,11.18781958904681,12.028598405591449,3.32730291590676,5.007171825935937,4.88747971718038,6.044419840908809,10.865653307830813,12.954328332599147,6.502976164929348,10.292742907410357,9.093223092234146,,,23.66896721089516,86.81983440825417,1.2280686315847742,5.279676249005488,2.9217500810022234,9.94970063710971
2006-03-31,28.823504017349446,27.576929432159574,33.869634652214756,26.003085352212594,26.70042784938249,3.5311624015908794,7.039311207798825,7.061846481554574,7.661931391227781,7.198523758382818,12.398433836421598,7.959116651941868,11.274430457272349,9.364653098512225,,,24.273327268481705,93.13854827471917,2.230499063853799,7.822759267107096,6.152684928364597,13.822865068176565
2006-04-30,26.71252810123891,24.095933320117634,24.944104339841513,20.189853874213675,23.111426997124667,5.648995747619571,10.167092060914465,12.657859065539617,11.407297930549104,13.586306133440235,18.96730395189121,14.195722855819287,18.07188224163068,15.050543332238579,,,24.271696869126625,98.17169698725434,1.087598641631678,8.17067982041701,7.905588321237466,6.36072850815498
2006-05-31,4.19406381882416,3.6474069105622307,4.293556341913936,3.5040798142737373,4.045549007266137,8.53748152662161,15.765691389706332,12.602367437887878,14.289423412013829,30.74477790845562,42.42015940687952,25.028918426533405,34.8888505963974,27.030770310394598,,,16.512194100100317,83.15236188971707,0.026976661324843408,2.4707066849467774,6.441508396562649,0.9431255717928155
2006-06-30,0.592121225119952,0.6761427884114294,0.384132071254886,1.070818308409209,0.7467769980137825,7.239866614157274,14.5946688670299,8.21060257175089,13.35929774998652,38.96568668083981,53.9291585040136,30.45539180503659,43.16459444434075,31.99168633222838,,,9.930962206553751,70.00082764054193,0.0008657600470814128,0.2748734807081146,4.723439416614155,0.023311599242541177
2006-07-31,0.5098926233706563,0.35795485422094553,0.19885598084923314,0.45773921551803776,0.32366947231193793,4.430677669731684,10.667997553905083,3.9394808825394136,10.341021916755395,42.27396784004908,65.15440785092717,34.207993280809056,51.40048042211323,35.70167646041908,,,6.687177418751599,58.09115137899956,3.0237456591790006e-06,0.010361154080350665,2.950884977488036,0.0
2006-08-31,0.0834367460898551,0.1977596029420358,0.05257851484928106,0.4722753450435257,0.1896000284883041,4.808936506422993,5.017336244366913,1.8021685271984373,5.637422419096151,38.672540659863316,57.3908727733859,30.00510759956495,47.2276830921484,30.512341191531814,,,5.174072122250341,50.75121992282429,8.526327352990211e-05,0.0,1.8392743618805834,0.0
2006-09-30,0.07581226039945631,0.10387885982642597,0.03635030453600494,0.9517010147073249,0.039865216045308564,4.159027612962077,2.1335540864414333,1.1571017807943398,2.938695411242192,28.619919053607322,47.221018026432084,22.411555125765652,39.669697809289524,24.524132160167287,,,4.257228582062684,47.22634099313093,0.0006017935366407948,0.00014867889521416334,1.2658450941649584,0.0
2006-10-31,1.570177145007308,1.7993681110440318,1.8935289247078035,2.300442303290053,1.6990160805442085,2.6582231325705346,1.7439190801123867,2.123422745489421,2.420699511451374,16.468778680604263,29.909888168629344,14.117371247768142,25.337533149450444,15.144276173465578,,,3.6361738984821455,46.47687309403895,0.00610801350954712,0.002532197159046883,1.0761953650134186,0.0
2006-11-30,8.900219595743225,9.35876471565193,9.708794245851992,10.636982929940586,9.115915772582731,2.3408120449724144,2.7397853843471203,4.372413504506574,2.9510324375605306,9.540205899143235,14.39150891417621,7.155332993195555,11.97074008946421,7.789474324632117,,,6.417510406701379,51.297920377307705,0.28358191583723563,0.310956188952919,1.0604478588152246,0.12413695885552942
2006-12-31,15.811170706694249,15.111405337783644,17.055455537207514,15.459230796471372,14.624528838850363,1.846444881350333,2.835337135276112,3.7935628184575556,3.8630795598827263,6.715121717335731,9.228412210555282,4.5243258399838435,7.14289171484105,6.486324829986056,,,12.505832132737709,59.218844855581565,0.7712672073127739,0.9533569816532779,1.518176747944195,3.1483682432461797
2007-01-31,3.1257238687371505,3.425598036281596,3.331737867971941,3.5743079390326886,3.7399519735374547,2.0077763885052513,3.6189698586850447,2.0156475190767376,3.803548677473746,7.677587324436962,11.967989365994521,3.9187892309981804,8.02545516108979,7.761037482183098,,,12.144618083104726,65.82422275467607,0.8475558275379511,1.3549162360609122,1.3410589195802642,4.206154861359185
2007-02-28,23.449757022688882,23.535944844937237,25.283755318568325,20.198252121127297,20.190267786876188,3.2512766005764493,3.874854609453666,4.637159448325961,4.752117433105522,8.725758951675399,9.962171958786787,5.598364735573023,8.207096375084925,7.324146478369194,,,17.062382573778823,73.06005000125523,0.5001984980100834,1.5596830863409417,1.5750625443792368,6.230805578687749
2007-03-31,3.751051445852762,3.3817874999477198,3.923759161725588,5.399625796426656,2.9796036604125096,5.535504009404299,8.020921686622353,6.09356557282879,8.848814775279537,21.34126040052424,23.155330881821424,13.14946145609296,18.61491585817137,16.244269915521887,,,15.135210362572,74.21731391534212,0.24041718290120168,1.740334258905049,3.0109246167246995,2.441615631102996
2007-04-30,6.538552946992468,6.71467602976041,7.183815604991475,7.109611034965926,6.515353188505328,4.79761551944754,9.928690460828744,8.247703410774168,9.468072721260665,18.47990807004284,32.46197597641786,17.139930807049925,25.86632814216905,19.62893163144767,,,13.462652072472496,68.81655406298626,0.057926908111299365,0.4294883605924313,2.352861472035607,1.5071243444023217
2007-05-31,1.9231058979725475,1.662630368477552,2.120174952283262,2.283494194305968,1.9468023731244302,6.9066112532724375,11.046242996959837,6.595483517476925,10.021965994742711,35.82957536139666,53.977362360603514,26.437408203320103,40.478886941711295,29.09842985762793,,,9.452361053896785,61.77317789848501,0.01818795695455836,0.07947335367367327,1.7197980344323576,0.36109850096338814
2007-06-30,0.7222240701074926,0.8020490176010578,0.6644782745686385,1.128771642855224,0.7250773888323042,6.325845640783272,7.900049300675474,4.414526743785629,8.276263354119736,41.695419031280046,62.26069855677087,31.040564363615367,47.65058022233774,32.77891799697021,,,6.332579689225036,53.14724095737684,0.0002478626785379699,0.0009264077293223439,0.7647537255585406,0.021347922052517645
2007-07-31,0.9148396546350014,0.8333926117180707,0.8231352910200553,0.5166702565363533,0.6658758280981034,4.71804618815192,4.959242161684991,2.6794207576062887,5.683941429654671,41.68345548112599,64.56297577158954,33.654198268550346,52.328419103553564,34.86598239766781,,,4.778187650211438,47.0702173708421,9.962902739696891e-05,0.0,0.1890637950232633,0.0
2007-08-31,0.3345381803429245,0.36580868528474114,0.30073192535448884,0.49988909646248086,0.335078234057491,4.385068436344495,2.435200587342488,1.7126440479858966,2.957609199540946,38.966148299714185,59.271497597945455,30.791149961261194,50.21580864525188,32.643799310684585,,,3.917682590817179,43.78006235647699,0.0004466821135921749,0.0,0.046414814620579406,0.0
2007-09-30,1.8906431051404495,1.9267630889778786,2.1800446527467208,2.205191050620608,1.7903135295746895,4.497880970152558,1.6943618699043463,2.657240756312167,1.8768786946573066,27.356623086657166,43.129609643436154,21.759603640529498,36.18815718247132,22.286642156140935,,,3.3473133214434885,42.6129664000075,0.003205868274676406,0.004112739055277278,0.013470606793897564,0.0
2007-10-31,6.702989523183441,6.4577576461519195,7.071790700575878,5.793204095359541,7.087789002210836,2.753857942284417,3.25714894352615,6.508554279231512,2.511699518390004,14.350779521433102,26.783902573574082,14.15423357326385,22.814923825387666,13.943748411585727,,,3.4630942523548613,45.509330933504714,0.01662069978202657,0.01206639588196446,0.017905130889684994,0.0
2007-11-30,2.4024372429227845,2.765380331140459,2.5087146102451765,4.1736254139456275,2.690141316167667,2.398110976878279,2.3711419884883984,2.650423775434463,2.6960506264783195,13.03848552933085,19.106060623919088,7.3735729620031805,14.03485297510399,8.930702981351919,,,3.3204898035691923,47.21708606128751,0.06229504426663678,0.052287802157589956,0.016375768044976497,0.05571298037358431
2007-12-31,15.35760891353413,14.126202915227356,15.885241404342576,13.097771481085683,14.598794453543686,1.6789685946744544,2.3560686445828067,3.341762251521408,2.3939082437977124,4.582737905653615,8.409583610867198,3.831981442304279,7.198020889040394,5.852053853235557,,,9.834886802343656,51.51429564477323,1.0317842540833675,1.5308750374017137,0.5827971653743178,4.1339408492584155
2008-01-31,30.89381490314699,29.98414106730393,34.777031579502626,27.753955380675972,28.48789138414527,2.0118950913893414,2.971082277065325,3.7714199290276014,4.439715576638751,4.615594707196522,6.6400774028181395,3.9232627632554173,5.811821480148132,6.0257744888109075,,,20.24812751174917,68.37435995057186,3.991537242502281,6.195013148284266,5.70808906627454,11.000366499542839
2008-02-29,16.84750064365589,14.160561374960642,16.440200169478494,12.127351313944482,9.80972510340612,3.5812166630814786,4.481006430471197,4.682888427146477,5.542847282239046,9.663601921707093,9.712907780963214,5.5890619912341934,7.636317146237022,8.39744546261909,,,21.45234760366923,76.96764127775478,4.391997577544882,8.685798316483398,9.953691395365768,11.761232112061741
2008-03-31,2.3007811723239127,2.2131515481511723,2.586919263045585,4.496784451402772,4.776324020730602,3.6308941014020975,8.82836171236808,5.443979052963669,8.540564830618248,11.739966922271874,22.832202566215237,11.31433161137893,17.14468825444782,14.711701593994855,,,18.816864920431435,78.9003221657353,1.0608448961289512,5.294292449343795,10.326353366857857,8.876144545245866
2008-04-30,1.009302500969818,1.4107285413656427,1.0516351519588985,2.50187272616834,2.8074820001234673,5.558698724101217,10.549851462479545,6.962463136908903,9.26975482726678,25.309104285793904,37.03852226019048,17.494036678282708,27.438320944346682,20.53082362232467,,,14.962957803178668,71.95913868656996,0.09527323836720555,2.299698924951866,9.27285052712328,4.4325200925997175
2008-05-31,3.0202339335516224,2.2997597784513193,2.951762556786005,2.8030682356880434,3.3490701885237733,4.587790671166834,10.803383343473344,7.408099770111108,8.713892655361276,23.751893999801077,49.720784750104315,24.39786738574353,38.754509418647224,28.00290914973224,,,11.010889521829048,62.71765458844912,0.02004779870834594,0.6095391420927702,7.141521813529305,1.0619948620699609
2008-06-30,0.06777388113278587,0.2078223654383999,0.0699975904729409,0.7845417472814209,0.6524826096012128,6.067242927643759,9.257077140697474,4.98456858484503,9.014074502881876,40.92990358020665,63.51954423914506,31.506047679803565,48.772067215737856,33.81423269380928,,,7.201335463888616,55.08664444480927,0.0014236917483384031,0.06379020216075303,4.7724406227031855,0.03126640460097255
2008-07-31,0.3032037868470352,0.26703521387982077,0.1374964723977393,0.33772160689631503,0.6689114897270849,4.848329565509239,5.620717170832162,2.223613006012653,5.967216665066193,40.84138717696681,66.76459904781478,33.50976776498129,54.0099290522868,35.78083029205541,,,5.330217014682402,47.984207223427816,0.0002889814387294574,0.0,2.320696704148726,0.0
2008-08-31,0.11009159739140408,0.1645922493026788,0.037546070298930916,0.46443998132602743,0.5839345823775262,3.6812359128529013,2.7995650227226028,1.2093642784773826,3.190897711330518,39.247882130323916,61.065917424939784,31.090477732080284,50.8876437486428,32.85847373108003,,,4.339887282208929,44.323729678597644,0.0008392609584080318,0.0,0.8357812309208122,0.0
2008-09-30,0.11834886587927172,0.12844314792922698,0.03893290579269564,0.9299715515836263,0.7703886391127843,2.6992378324365798,1.3171572381546053,0.7804882151783828,1.5449656745676805,25.680295382834736,46.42500865940398,22.875949167208148,40.03711554617478,25.236193923592506,,,3.681724744171119,42.65528574772186,0.0026968708842546292,2.4040093652944978e-05,0.26126268023537663,0.0
2008-10-31,3.7474899832038036,3.465201810855551,6.025623808864301,5.074972385557905,3.934739159928911,3.0892633772609965,1.774027658527343,3.551598832560948,1.9309947962268148,21.01435077229372,30.7813295983672,15.742135753130597,26.586831105967327,16.51378342319208,,,3.2392124077622215,42.99980562427328,0.003648023998640005,0.00015760739929473872,0.12946526678909773,0.0
2008-11-30,11.135137713915112,10.057543554373783,10.804202454250419,11.676300528455554,11.070613758973682,2.097192691182763,2.8107005667913407,6.368061120986251,3.648121539138355,8.82825488234269,13.58514756102773,7.55524303237428,12.48494826932407,8.02164228961762,,,7.003855155373077,49.61173905203707,0.07997157223298107,0.2723967916602002,0.1330699622971835,0.13166979967899609
2008-12-31,13.08942340720751,11.979031766959418,14.341230216445597,9.620183102646424,9.636690318603035,2.0202402934314385,2.164612699867328,3.1152884191366863,2.1642080220351967,6.305831422188714,8.142099599758147,3.4687264827708884,7.670260510080301,5.066596735409028,,,11.185839452259588,53.62897386840405,0.8703205566469548,1.2800541351058146,1.6054223571755422,3.768010608093867
2009-01-31,8.658006151362908,7.588048581409803,9.07840525619047,6.134744859668285,8.564762378710128,2.8473354825726376,3.4643493869172373,3.331143365368473,4.056350661479116,11.953342654304137,9.67911626996274,4.849658215681944,8.070457458322007,7.633690087207467,,,12.562275579783929,61.46651162211559,1.3030816314365539,2.6666717703204963,1.970208648344444,4.416206478657254
2009-02-28,24.168330953440933,24.35786667808652,26.389404719179844,23.623007732330606,18.44574407042202,3.3877541222311596,3.803486076476825,5.247476337270284,5.370440469722575,8.045984580587515,9.657368869024632,5.856434186892582,9.268199982794222,7.446417725162748,,,19.146377084078278,66.93115404172674,0.6436495338551473,3.472088309801332,3.0070712860196704,6.961125001982996
2009-03-31,13.426947310124179,11.112517222810602,12.908216057943605,12.065805051334543,10.54460708324239,5.45917595458861,8.11519129764841,6.61039887162353,8.274027846898028,18.467060591548933,21.661645044347924,11.304922685986327,17.6800819674488,13.920243359731183,,,18.5508132375552,78.46240134903005,0.3027218431576372,3.291871167854699,3.7612613650891333,6.3271689566930815
2009-04-30,4.02673499817837,3.6515310041529294,4.407153887162574,4.8471305625565835,4.535984458609668,4.58292042103691,10.561593476766186,7.527879258184131,9.72864604207258,18.484854213447722,34.889087824964385,17.529098810046982,27.266144110039598,19.942733548132022,,,15.230570775945132,71.33709084272279,0.05328677333170724,1.545792735272431,3.435759765655934,2.8714925803600315
2009-05-31,8.341732850207356,6.079532034249509,7.4318551336704886,6.329328036973117,5.930568413184702,7.087134269500204,12.415973394710006,9.298685406346754,10.79031536969438,33.54703495588791,47.57148194012338,25.59984261314261,38.79392545789046,28.90293307627754,,,11.739733099075062,65.4314735032797,0.008757846365527672,0.3397519296587153,2.357821752809784,0.29047707905405484
2009-06-30,3.340015984634596,3.282240054207267,3.8739079082357804,2.457147658240343,3.7514995747922146,6.711093310194543,10.269532186743943,6.8439368868766115,8.639063596108757,34.930287411470005,49.1060800409962,27.656357524257906,41.510686685591786,28.143142168558757,,,8.083473599954623,58.643431153896465,0.003296876474074867,0.0149868024206609,1.4340909027904765,0.0345886083072
2009-07-31,0.09899727748932574,0.155919923377117,0.036028215817817906,0.3474924757552723,0.28019810144449975,4.462925313934679,7.257340889182984,3.0949548433445897,7.539298653771099,43.236062301095714,68.11933515694027,33.60106545848491,54.29887685484669,35.846469881626916,,,5.592807024056922,50.3123302868194,0.00012378203265876302,0.0,0.7009962690359579,0.0
2009-08-31,0.3899494655873569,0.4879950662220899,0.4404473439541338,0.6416525153764667,0.6124449050191737,3.9034869002544395,3.5003250821206717,1.7245339044832857,4.118550024565898,37.95753521134035,58.06516930348975,30.144300943332702,49.06204506657584,31.539007938655416,,,4.423508373039385,45.55586783666162,0.00040241735753472336,0.0,0.26091188383099495,0.0
2009-09-30,0.3569858597814848,0.4061018213327489,0.42990511238388857,1.0826937243799495,1.0412903056577147,3.316975535702522,1.9618617613544165,1.2421031201449315,2.3773752339692864,30.93502483482712,46.846689827661336,23.45628507744249,40.5600005897474,25.440602947457243,,,3.7033997748814307,43.59042641272683,0.0010354527349992462,0.0,0.09132272893623468,0.0
2009-10-31,11.583952914005845,9.95327812666232,12.127432907028746,8.37172032839397,9.746479203315445,3.047330767731521,3.273501132474578,8.249237124629724,2.681296312338914,13.591172878079117,27.60630944661601,14.134009104638874,23.417405499077827,14.682823902859587,,,4.358196988763356,46.718142374580005,0.032181036585260524,0.05481101284724523,0.09608569738980352,0.00760218172235294
2009-11-30,3.9546228057585116,4.0517336208470605,4.444018963403166,5.456677694993772,5.490954757226236,2.618430201331154,2.9280637801290923,3.0976751637819437,2.827713908513925,12.622223240625262,15.793518336557481,7.743905079404755,13.310653349090716,8.72143656129966,,,4.450570269246646,50.504212805445576,0.14624179732184805,0.22251742120357196,0.13064155398735056,0.11278637871585884
2009-12-31,16.305888093846406,14.381634248007552,17.988491906647,14.363461149653526,12.80671977571565,1.8332140383462256,2.087053009364877,3.0071072316312235,2.6148283955765743,4.99311626228674,7.279090014774109,3.184076860030944,5.893438141927494,4.959127493655012,,,11.047846750306388,55.33138928728913,0.7052817261037115,1.8027574798798995,1.5680532799113245,4.897039388607749
2010-01-31,28.228514295589225,25.52909116311866,28.57516099711485,26.276295587190944,20.95448861404925,1.9726139516691088,2.817050963767441,4.407848987761302,3.9576121666052764,4.836102719895242,6.083923257049512,4.675147336333233,5.723219794416885,5.102641483746555,20.249536142482878,,21.462708665584934,67.97592818618779,1.4970074353852936,4.159812971373429,4.146044611317519,6.487748326082761
2010-02-28,17.490447569240537,16.83503820617858,18.43423218054036,17.327122334143134,14.426227395567627,3.074524304837647,4.01555181832149,5.105068244865451,5.1533784197134125,6.476450741770821,8.41782823702799,5.565933963516635,7.568286694317092,6.7748052274999315,20.22767653987024,,22.6348238965507,77.74800731189335,1.3933159870262672,6.39033924210922,5.644791618151394,7.708446864110933
2010-03-31,10.54784871506056,9.422371854586915,11.515533738049406,10.49987142244491,9.138200678418007,4.881584037380839,8.803906413441922,7.3598621276303025,9.208549612832227,14.010915040014428,19.247451845222006,11.196271130451006,16.91704962684485,13.211478892346275,18.244236797707913,,21.096869360405883,82.87568813853784,0.7284644665937305,6.134468479349817,6.984972594150784,7.119823321863028
2010-04-30,18.28217192100888,16.595435926295657,19.71627383344382,15.419555176828972,13.98596932297276,5.124443901949646,10.350688031607328,11.045286598750192,10.856699306480879,14.892270890070453,23.753593990239537,14.54045086163753,20.816063764811652,15.408669342968428,15.852185642773243,,20.872867659635858,82.10307896845464,0.25868295333244173,4.501997867193414,8.379971645225952,6.635092046795796
2010-05-31,6.428133333449585,5.271262231022162,6.667928723456218,4.336345594710489,4.883658150763429,6.971451158529332,12.479194035142989,9.69315025887598,10.858689189673207,25.522986022863222,38.510274415424774,21.710469122331432,31.06523271830802,22.314954412622587,11.310826034669757,,16.29710019239936,76.74941525034791,0.036404007909787484,2.009334413866735,8.445999027511121,3.157115089349772
2010-06-30,0.9356218432036455,0.8568541220124415,1.007392666541133,1.1358893682581304,1.2168528417806006,8.023087025218693,13.578533107048882,8.136620501345902,11.56957412770985,37.00136771046056,53.99352800632896,29.857527479215946,43.05606018064745,29.955962420990822,8.50979391645733,,10.445293403825493,67.8059330179742,0.004758702553882677,0.44531337548553107,7.1263617872910245,0.07317147466892548
2010-07-31,0.13521286472212016,0.2456352947348169,0.04190570819547631,0.37882822343852557,1.00552617201408,6.330300033186807,10.24781436362918,4.429754703435054,9.626951236308605,42.591912216683994,65.14510477950866,33.33633916294883,51.043409894217845,34.41314364253608,2.615069144027067,,6.7684712963401275,55.955808068680284,0.00010898091725849525,0.017125120506895394,5.180175571323087,0.0
2010-08-31,0.3540452262947015,0.42259949227646426,0.3534861755422795,0.594805379004936,0.6951703483233159,5.215480583439292,4.850471524364363,2.082614937922899,5.368330463482513,37.92285588508076,57.282661686242484,29.82668328236629,46.72892876143478,30.44397552052929,1.9599529323904419,,5.17382053199631,48.93067734303222,0.0007486816892310501,0.0,3.6021990373563035,0.0
2010-09-30,0.5975059109673088,0.520624996920421,0.6180102712262899,1.2443453874818664,0.9857019933871427,4.366101944293527,2.7214156722860485,1.7831821032459978,3.210842834588861,28.70634135109443,42.777182610916576,22.607021812875278,36.940204119099036,23.586154631811993,2.1467493282629566,,4.243255038820995,46.287448385361444,0.006607620316836838,0.00021250275080771965,2.6849476260757363,0.0
2010-10-31,14.656655889469194,12.395934231043443,15.07108973693513,10.991446553975669,11.071199068273287,2.8670696087856276,3.1209125643961797,8.918019363306215,2.823287254035199,13.247076559877312,24.23446593470138,14.356837243293768,23.37772063820325,13.842170861247954,5.516253464101672,,5.480311047361156,47.918840996422574,0.01970297918518066,0.04778629045365702,2.123398669121219,0.0
2010-11-30,14.539615058502038,13.725730995473649,15.736870479008783,14.546855173947442,12.245397822547105,2.761708927597854,2.8810085652573685,6.088394100274391,3.6241016150203818,10.296429634167387,11.965686283421874,7.478661485270273,11.349898070802409,7.697957323103818,13.34610231120453,,10.407843657941635,56.251426068950714,0.7298418410785185,1.5121054093840025,2.486805108970046,0.5279204611292864
2010-12-31,40.830390644697765,35.65278724510263,42.73973248403509,35.154515685243716,28.713227123574303,1.8900985746958798,1.9619211760731885,4.830461771811271,3.3802908411972767,3.8498341254351116,4.693310826901038,5.064847893359321,4.949305188858677,4.893898782258972,19.826069711608234,,22.465598385292147,70.96526860711606,1.8565982836434334,5.378122792037336,3.8823843304197387,4.051052019591529
2011-01-31,7.230425854432761,6.0366655213222735,7.060948911373238,8.437667678014291,8.587069022669528,2.9146349969212717,3.396607421306609,3.5325835709124855,4.719221017709431,7.744844846504145,6.862592322394545,4.096310149182899,6.336648499101573,6.121466935153495,21.291055265586103,,22.654094585579323,86.10447423826095,2.662242419740471,9.759005217364788,0.6288301452358918,5.585970568481129
2011-02-28,17.665885885867063,16.038770246928305,18.15258342037832,14.06226720718532,13.665142337950885,3.494240615538019,5.017730892153417,5.113687244899328,5.89864370473012,9.421823904218577,10.623157773807867,5.698516812695852,9.798507642201221,7.7242695339457494,18.905500238357156,,23.422904407522687,86.51421745114278,1.881905434373113,8.73494095738158,1.4765751946205674,9.468895607542963
2011-03-31,35.977091084087625,29.834968472729027,36.30807690396451,30.322494966606556,24.337573978757767,4.72252501420286,6.762678699973413,8.753408479564083,7.583476175340626,10.966091294786004,11.887699693736979,9.7242680227435,11.48438384177574,10.794549943357195,20.65151769340007,,24.616217951480976,94.10006411952817,2.342592981625853,11.589490883339943,4.281898272875908,9.895771979446714
2011-04-30,5.5320013497252685,5.15474419645249,5.795589692127251,5.462841920628111,4.8796287827710545,4.893624186981102,11.005947077730179,8.769075984349636,11.533474345342064,12.882046778723135,25.646526822847267,15.74856757594281,21.1248360846964,15.918228321189995,15.4272933959992,,19.889024249575307,91.48383558988422,0.6294500038162867,9.29938900010572,5.397702833326915,6.225775349121506
2011-05-31,8.552163714479963,5.84392964062356,10.313336052193138,6.083760996931614,5.54330126956215,6.983501947304279,13.007278308507077,10.092160726482339,11.545999074625673,24.90794829789681,39.393800239220276,22.091984240638233,30.977437774120308,22.008476323368722,9.664210965187308,,15.534298611350588,80.75715118869502,0.06178432217389107,4.26644147924005,4.633306700926756,3.2689132960506972
2011-06-30,7.259771112815962,5.634589374538669,6.865960455122447,2.571352441966209,4.827459377534483,8.146653233533485,14.330656556487293,8.807225315877414,12.130018582421428,35.04984541486387,47.22030939649014,27.048117716908006,36.642521525053176,25.966993707217277,8.36120290448153,,10.997940955103072,73.36367761118007,0.009639639532246457,1.7214255217929586,3.66972066144005,0.17121326829327055
2011-07-31,0.29916647372255356,0.4969316440642553,0.23570280855881004,0.3531246235629921,0.5002877250594617,7.693093537274878,11.606236178726913,4.974970815427989,10.572162122730775,41.15688383282176,59.27410767081902,32.363486129219865,46.28220196133248,31.20220969783338,3.804069550939172,,7.04976676620248,60.924513274372956,0.00040357164758857974,0.1781950599849662,2.049161877262191,0.0019636771900235295
2011-08-31,0.15252520428996197,0.25441056086008723,0.00556490371645931,0.4437822691974746,0.19952060232254792,5.466492875648826,6.230216187914677,2.0368671009596744,6.785421624867252,39.1055578838109,58.48410665301494,30.417758443943885,45.966625339358224,29.847905392330148,2.0253371908005673,,5.33620566531052,52.409823980418544,0.0003295706330612372,0.025948327781957433,0.9909000166640942,0.0
2011-09-30,0.763666837807022,0.992239526977354,0.6155175566814729,1.5738494836991466,1.043381118402952,4.3060789346280135,3.0602165473214855,1.540530743429719,4.099351712039148,28.454715808436077,44.33970863993702,22.959586799283507,38.37798845974214,24.362208707873215,1.9207359400323,,4.354888287241638,48.313741573065045,0.0013725431277153643,0.0,0.5007960772648831,0.0
2011-10-31,7.905949375790374,6.338291624576256,7.959106357106419,6.108968307990465,6.076248323466816,3.2023267609570945,3.7801504661645,7.02519500412493,3.7130656606351544,16.434985001798474,26.845964257894295,14.439078439648926,21.444533889100526,13.449877264110192,4.639224397322439,,4.1215215942491366,49.79038950724871,0.03226023517442429,0.05985638666959024,0.41654566819733874,0.0
2011-11-30,6.134494675722463,8.272947999244844,7.5043087158558315,8.775754138644503,8.211160363579808,2.511783538430718,2.4391859740342716,5.087457935583125,3.01207273947982,10.547659521317605,13.510573320717546,6.8401458110560664,11.360942067948496,7.5614890829958545,7.562170791092206,,6.11565007024851,51.86903062845779,0.24829891879575047,0.5386425138373521,0.5733629959849839,0.546614426969349
2011-12-31,0.6449979083413072,5.456403793680903,0.7146689215934829,2.4026321436191713,3.1827886885467556,1.7312705891443807,2.159502004364222,1.21397377904683,2.5606409822089864,8.0382142264247,13.69973444878065,4.0343729566264726,9.530173234489375,6.9925847869872255,7.767824733171133,,5.878204346344709,53.95622773130941,0.12116518146023607,0.5385727981738913,0.46312789484903194,0.9595062047723921
2012-01-31,15.642656309557388,16.330522407827218,16.311419095232097,14.925415743094337,12.977645355646574,1.953080249878991,3.155904587627013,4.114231274079862,3.350140101188348,8.588712166962402,12.43282666539965,5.029301621340447,9.143302933628183,7.422073307680281,9.822952615360025,,12.240786284672906,58.00922184822821,0.43500244704119484,1.174659249574872,1.9949241839521723,3.711427971999623
2012-02-29,5.009159529173761,8.554952664132117,7.013152674191869,6.829840220186472,6.889054313350659,2.986808580830415,5.070060336450692,3.639976436048301,5.717558208695999,10.532883806599571,14.933270333797761,6.422212622855396,12.013504436198149,9.523798949022952,13.298842370477818,,12.833144014850008,64.59591782485712,0.30392711379365106,1.8615674186756146,2.53024536043207,4.523182314162697
2012-03-31,24.53565557119433,17.94877469275302,25.72891340174561,21.101697446059845,16.81314741875774,3.7028302541265607,7.10648712826404,8.091450924578854,7.1815779600897445,12.280235785913712,19.063010356154376,10.483158997131719,15.642415947847702,12.266191365060504,13.952439270903568,,16.22952928997697,68.61544098120103,0.34295944150875995,1.9553312396829454,3.2867290472147,5.265095480825976
2012-04-30,14.963591727202537,10.019494137877219,12.795522067135012,12.361227612898457,8.639845961201607,7.044933529779963,10.42142075921493,11.389848943646054,10.837707626517595,24.817041884723135,29.44034765572395,16.700413636733018,25.847526281792998,18.543478061976202,14.722398285074046,,16.130691864331045,72.15004080063719,0.10442545065533257,1.648615031858023,3.4345828840441177,2.322213979959215
2012-05-31,1.0115308014067317,1.5875093128183486,1.1642924867720092,1.7775257049583317,1.1846318082221352,5.6676053309302,11.86790304174907,7.625321319332687,11.086131949926012,27.08634427316248,49.99256534357047,26.703195791391195,41.87131529132212,29.572712295311305,8.198532827319209,,10.92297545617689,64.94522788006594,0.012290033665909245,0.19761734065223224,2.3263756895161247,0.5934203850832314
2012-06-30,1.6236048055330592,1.2054329175825609,1.707310366438652,1.45979050351854,1.2466503495156924,7.052519165174744,8.95971573561947,5.409266117170771,9.448703192525892,40.467046437863814,57.5559823317613,30.260546932820308,48.0484874433576,32.72740175021896,4.554308750725765,,7.1419589849304845,55.814871976191185,0.003136180609257687,0.01452768097569122,1.2173404594519812,0.034841135344941175
2012-07-31,0.13771466937707647,0.41378848206971075,0.12908775753539795,0.3574731811832098,0.2984904356479328,5.2826324416294055,5.739114722884856,2.8779992918660495,6.806519313216979,42.18222261814097,61.32848514533916,33.005055975607,52.902566903867914,34.67906147068021,3.0761116419486627,,5.167810881560898,48.78818151766599,0.0019377940290829937,0.0,0.4217422122535002,0.0019636771900235295
2012-08-31,0.23580310002714228,0.4460293658391176,0.2763561483471876,0.510218207129867,0.42570880494132746,3.3547689581560247,3.003749940824007,1.4229532599310069,3.9009507441191245,39.10191703767553,59.72080113585681,30.948196577675677,52.18434320906747,34.35791705504218,2.4088310671847744,,4.152848017585894,44.801012068663645,0.0016504098503093822,0.0,0.13435312098495358,0.0
2012-09-30,0.058031767587266345,0.5481821820793323,0.04347277291172271,1.0916914294426607,0.43647964418841406,3.5004307348674417,1.4008341940740752,0.9934020036957143,2.2584844916657016,32.281631741667105,45.95899254494889,22.76941881624751,40.15327150966287,25.663937432991105,2.1398689305604615,,3.505828517396883,42.94822719624788,0.004132236452116579,0.0,0.06956972993587576,0.0
2012-10-31,4.318614895450435,3.7212800357089098,5.891328528696265,4.18493084026853,3.630749289307087,3.7324976837347825,1.6646688600420716,4.555969821444129,1.7277114777849678,18.841045829309138,28.729516338312244,15.156238962869319,24.904853540612717,16.179556306412533,3.0675893286943436,,3.102835088287624,42.842708558149454,0.04415441539618069,0.09260184555452518,0.07810733051029535,0.0
2012-11-30,18.250534887074277,17.06976040982349,21.83585569896125,18.67616245349831,15.341413615631236,1.911099869227848,1.819702015441772,6.360417594016102,2.432922922188401,6.330379003202846,13.403072451708443,7.641899988812438,12.223960991154541,8.0785618972148,8.378472491043185,,12.240420522570291,46.22388992296705,0.11684369955904768,0.12710948990542134,0.17834184350902074,0.2226616494642196
2012-12-31,35.62890834279496,24.027609533363712,32.047410197036825,28.824706320043845,21.419252631951096,2.321306914142174,2.8214066923550876,3.7333928833352372,3.620317653079381,4.921400938220317,7.452531662897654,3.9491709882972863,6.409060300768928,4.4008513224487436,18.648993984258993,,21.961895384025446,66.20742681202395,1.539701133665388,3.1249897419793644,0.8845403753511227,6.070406562550964
2013-01-31,4.418991103224384,9.036716898002986,4.983522932878712,6.447843691907361,5.904847165799379,2.5303759770160656,3.54203633672714,2.6649925039143323,4.496237008088887,7.031841450791562,8.61585442016495,4.036678838538987,6.927425949009766,6.143106252573744,18.40633665626362,,21.55207845578511,72.38415331398046,2.3965428587578455,5.907455739323806,0.49207382510902214,7.288944377695373
2013-02-28,2.381827090400087,6.543016275630847,2.951066330043022,3.4119115237879947,3.7716299362345986,3.549634476143206,5.018781705897805,3.21682259814643,6.087145444967252,11.445896794024488,13.947731481910981,5.824284776680323,10.232119437016463,8.424049420268792,15.75786161285088,,20.38404269970372,73.64533543884136,0.4482292223924741,3.6902815581038,0.6026834075074194,7.29569154180116
2013-03-31,6.511807776505203,8.624070733071271,7.866671395121408,8.317146842827972,7.517310588382572,5.096936006296325,8.216829932498294,7.135211914941071,8.366627383315809,16.76341633085326,24.236354543905012,12.42778357971578,17.889169454050087,14.445073619219576,13.372848147379745,,18.797501648070774,71.1111550886044,0.11615095887316935,2.1429612424631572,0.5151695661998694,3.3121155104567217
2013-04-30,4.0199160702253165,4.616502576211312,3.37845679495268,4.353755443980859,3.6943599817732533,5.082034287538671,11.16428508053152,8.356387110970125,10.802675926606518,22.498530791009962,39.571920692994034,19.50686115986416,29.849243708466002,21.76698040694384,10.969004727115372,,14.783081034003477,68.02783803346546,0.04191246715481687,0.8360609503067057,0.253310649872341,1.3625418747502431
2013-05-31,2.845811225789078,2.7206402664072797,3.0829999792903617,3.1864149756709805,2.360241304905231,6.943752216408534,9.885858773903585,6.900827108495426,9.377467241045766,34.475528626634734,52.82475450493749,25.390292011368995,40.076362064818156,28.72959364240032,6.2317172529010865,,10.395064746353443,58.740972047414076,0.006107798544260907,0.08448567287719606,0.08440197241197983,0.42807162105374125
2013-06-30,2.538474769565364,1.8862983103792668,2.4605802999897612,1.9321276238601224,1.6480905698380919,6.109115835398194,7.607861720915139,5.251030746260387,9.08591794668325,40.369087708589824,59.23860054411256,30.43400972206322,47.81077986302621,33.40802637494087,5.536737273297277,,6.9671747497116625,51.48785525073274,0.0014126327146557446,0.0008141513579719258,0.015938268308304426,0.017420567672470588
2013-07-31,0.4421467670015315,0.5598617587801454,0.382763958791529,0.5911992556685589,0.42991634621932373,4.99140767884539,4.994404140525554,2.4182913922890195,6.750401791305067,42.15027519351479,66.1381206379844,34.01431022703361,54.08869358063784,35.923483418482334,3.3087306159384937,,5.172815881715551,46.14806353069726,0.0007660200845292252,0.0,0.0010776988670854286,0.0
2013-08-31,0.3715656205741676,0.6762482342171295,0.4379031427189045,0.8160803696026203,0.7500400528019718,5.135319196098913,2.5379937865889954,2.144896413549771,3.4479129622234654,37.011319025561306,56.95926954337898,29.822975354820294,48.011405953279755,30.63749532186817,2.267646895539629,,4.207353907278707,43.00992323876374,0.0027026702836408564,0.0,0.00022554396467612837,0.0
2013-09-30,2.8175714022918243,2.328404054203421,3.037520203355102,2.469330770569683,2.49810361922468,4.16582009621534,1.8673413480823093,3.142671261585672,2.109538472593409,29.124254515842342,42.055866378661044,22.43758746596666,37.07836685092524,23.116304053307523,2.5055406876363207,,3.581024727909798,42.06515686868116,0.007808411008959218,0.004721857269562086,0.00027012948060606886,0.0
2013-10-31,1.4847016209246993,1.910420256418206,1.4264883584166375,2.3457824346645393,1.8662162327650922,2.342840359338267,1.8462084970867707,1.4556303105743957,2.5514747533703837,16.578823970254955,30.227690547895463,14.438849088040353,25.33168071162676,15.86230995167075,2.753945981078295,,3.120198421453804,42.75983060727117,0.01864645049186819,0.021755338190488877,0.028855003344876916,0.0
2013-11-30,4.032904766692827,6.927016679232796,4.297029933689603,5.570233365599289,5.157885291859031,2.187614474170353,2.007453131427717,5.102971262398874,2.295039686654994,12.655133232548575,16.709406902765775,7.829851638477369,14.523642414975443,9.555281519842955,4.336728069604765,,3.8701726768746414,43.87723320080421,0.08789066467434041,0.12150771325125807,0.040706210150426754,0.1884456356161255
2013-12-31,2.0358848657901327,5.167374989899277,2.448950754527264,2.5976167931275116,3.8136242347584224,1.5025302355865253,1.822044217658603,1.5362207468144577,2.1868543392034403,7.470209526319373,11.086232012475419,3.968310763800237,9.25659575065716,6.900140239017624,6.329309318304331,,3.983670278866019,45.849192164798424,0.17897879672954314,0.3418009086763458,0.763024730367222,1.2204510337024
2014-01-31,2.8202847974094807,7.215808937139331,2.9947805816616886,4.458704486406608,4.328959520426917,1.7092356140341245,2.6346715130659066,2.255846114816964,2.368711335363782,9.686706092975175,14.026445791039798,6.04699123570922,12.544951577912318,9.582079342821107,5.018059094331441,,4.344083179272233,47.268010898521624,0.16094559417151535,0.18766214159836603,0.2257086375773711,1.0613765372225255
2014-02-28,19.691367669747642,22.652982092487754,23.520935116245546,19.850467674246584,17.901090282295883,2.1813362884672394,4.370126398777239,6.264203258054858,4.685420380214237,7.584384214553406,13.618380484967446,7.108645338203787,12.34425925857695,8.674939742810723,12.324707050097834,,12.801287807122973,54.59132295776046,0.24822372726512595,1.021404789046392,0.39734374135291045,2.4676176351352472
2014-03-31,17.81789719644835,12.250338993630661,17.071437461181716,16.51544076089836,11.32613097148215,4.97133722315073,8.14425719334231,7.291937988578057,8.241751775539004,18.791436043704252,24.448124358323096,12.735110549412473,21.091535244535947,15.041054968448629,14.663828793455925,,12.972800337817601,63.00875062739688,0.15110499855028392,0.8799380722774719,0.6802689186698315,1.6725176490787137
2014-04-30,7.112419226830462,5.308555366219377,5.769495642719422,6.722427790376687,4.353728623316419,5.183112552653921,9.928224407968763,8.459847583400267,10.17728705224362,21.21463690162194,34.832517336566816,18.764349235009448,29.275743899421705,21.222752021629873,11.662584494511103,,11.087513255504316,62.236921732448714,0.1051123004798841,0.5525242869195426,0.9469901414786153,0.9851202717776313
2014-05-31,1.5693730207188803,2.0718398873931427,1.8950136450092099,2.303570126303706,1.538975487103827,6.591471793003051,9.409553296212245,5.318488888334895,9.462028570098303,35.15805281623414,53.79730664266759,27.23259012313259,42.68903166702988,30.022545138881394,6.3321187195052735,,7.75666281124402,55.144794097729275,0.009241114319945056,0.03368614682891033,0.648214500750794,0.2622297604216471
2014-06-30,0.23114368016873385,0.5112969181420112,0.2379666928598931,0.891789332648297,0.5131996894956635,5.508212406024028,6.247273098834831,3.360906675978328,7.7913537254490794,42.66192154260183,62.882994677597566,31.863983601398214,51.80497594120022,34.896169907491775,2.9186557766738264,,5.413938844380058,47.97248419758819,0.001818217826475116,0.00011282156655053175,0.30441930167141307,0.015456890482447059
2014-07-31,0.7087071285792799,0.44370013270852177,0.6742419384266608,0.5108202831562407,0.3622671865326497,3.6601109507918017,3.5920778981085717,1.5607768326300206,4.955201343333031,40.26776787537922,64.19208334924413,33.53434049434855,53.65654645083668,34.95949634539349,2.23196212996917,,4.221189885832333,43.58818338196519,0.001259649056144852,0.0,0.08851048810824402,0.0
2014-08-31,0.9090458966822735,1.166100053134308,1.1783741719448115,1.066132154141716,1.0520014827512798,4.771642027316585,2.3485220637259574,2.184490758273351,2.919895887972343,37.247093795409015,55.415503148382946,29.55704542451432,48.28319657905547,30.37873475738311,2.2844870506984805,,3.5268932537958397,41.64684572145048,0.0012947672844729522,0.0,0.027089315752571088,0.0
2014-09-30,2.7013139788280536,3.5523928812718752,3.009005149755879,2.5728917548511143,3.0679317255113028,3.7285802507129295,1.7724358141326475,4.351477264500657,2.233983921201462,30.49872632204021,43.57586672143947,22.99166296760952,38.39634975587126,24.144794248005947,2.6219594676173825,,3.0600788680394793,40.881186749678186,0.00469263946818112,3.513466818351132e-05,0.008116296905606725,0.0
2014-10-31,3.540879909408405,4.926748481720676,6.3942989872026414,4.08139941854275,4.2436456888912835,2.3638765488358775,2.412922084311979,5.278130007282974,1.9145171399100376,15.482393458832933,31.185894036486545,15.59544193624665,27.423800311580333,17.441036487461634,4.691441179640213,,2.851535439534682,42.54006597967989,0.010694653685666078,0.0008971007369371598,0.0043119749619786405,0.0
2014-11-30,9.933697480115105,9.111550965148425,9.051238085171246,10.359952553233844,8.54168020234959,2.62742483120113,2.4387036133708584,5.180042750013516,2.9359896801284324,11.31049692530117,14.444295742225211,7.805137794710563,13.328590086163564,8.254480377742011,9.354044225920225,,4.741737985758871,47.19643444537045,0.10883587731492839,0.3074177834799453,0.02245305850365839,0.061022779873882355
2014-12-31,31.224285316477918,28.869086871995012,32.29127757449497,30.065802944691733,23.60437732069014,1.8569676926593695,2.9140383536941767,5.424553176769652,3.9324085236162922,3.9718890487849046,8.253951934663094,5.58980212758732,6.803189668461222,4.708340761067937,18.836367021693455,,21.827826621704627,64.19680996239019,0.39623151770808007,1.1937749646257558,0.2577183010967874,1.7246837131384467
2015-01-31,1.0642878065481938,6.443606209023839,1.1325930874863062,3.359175061386109,4.235996060707074,2.8955161597236923,3.4432809507218898,2.9138864253232346,4.063626625869737,8.458153753234749,10.273996180147464,5.099972844208082,9.21362533951372,6.854921888030351,15.99115648582176,,20.310491168976014,69.75841691217306,0.2501660058267656,0.9507508139277348,1.5811736410084962,1.9143618845475137
2015-02-28,13.483239399785672,13.424507014687606,14.854416660938153,10.525571722093098,10.124203907008118,4.430639641902489,5.724432323757454,6.234207682964256,6.947221043700126,13.901303038547113,16.037267051482782,7.986761791797984,12.98839991993009,9.475799489179188,15.50807110280266,,20.814477071658768,73.51669924470016,0.10201148546032147,0.3941405414850943,0.678327060429308,2.019143860934776
2015-03-31,2.2876565838213963,5.082056185310231,2.531457126133878,5.134497462852395,4.663259136559287,5.847885828291954,8.765578378161663,6.554838772413221,8.378821474177121,22.320293209738804,27.503661715163314,14.28852322838665,22.006146187131414,16.522511864022274,11.408502824445549,,16.562332482256416,70.07797666514203,0.04092447213381303,0.14069919598652755,0.5950303478318542,1.2630941244636864
2015-04-30,5.952641200822412,6.391504108046053,6.26692740789782,6.501627630728969,6.527483606720508,4.78924738011602,10.284927404303879,10.294560473281601,9.54971306917396,21.20720473744659,37.41096055625413,18.539198168467028,29.864744816459325,21.07099960557871,8.861784450693296,9.584413397190156,14.828011192721968,64.32523234839003,0.054231075603640044,0.05757682017078187,0.45405654197184203,1.366166765885239
2015-05-31,3.9258040284509006,3.425526112848081,4.756547850390654,3.5968014287944827,2.8125698245397808,6.545575606243974,9.414881449693484,6.717820475626215,8.688375745614474,29.96585914363504,43.784716337077,22.983292434235697,37.147396822778255,24.898642584700678,6.807348498035233,6.794531642786623,10.976937585629065,58.27098139137847,0.023988401882334295,0.029443781064869702,0.347657328052912,0.9170969671479214
2015-06-30,0.9937278689370714,1.4887687494504853,1.0184376384397416,1.3919964590726466,1.2917597463348722,5.272802272711511,8.380116681666163,5.7115855113902505,9.167658368103003,40.84039099183948,60.05706996152923,31.26468442208819,50.522433080515725,33.92486007399071,4.229338715753935,4.086654752339985,7.28444264388327,51.40412266532532,0.0010120205986053257,1.6772487702517407e-05,0.15999042645895323,0.011529536102399998
2015-07-31,2.41378485658915,1.555616557742922,2.28611971501635,1.1588765161644934,2.001770253901036,5.697129258124759,5.490266864489945,3.4285100343482133,5.901120480563708,39.39103155567011,59.47560724801782,32.969260903249896,52.10469976158737,32.77301346028533,2.9359752243330055,2.8037856042076106,5.328787507328503,46.016770590937305,0.0003870494644938886,0.0,0.04410765607615335,0.0
2015-08-31,0.21712357286670933,0.42846949355934544,0.15551107021932994,0.6961693753167293,0.5794992854809847,4.271718186339187,2.6817487739167234,1.5490438702696212,3.2578337645002318,36.838444405542205,56.97878490337497,31.114756646380037,50.537283773676045,31.938143851671747,2.0784094844862575,2.078210815121798,4.296869467663259,42.902160116343026,0.0008818225824177778,0.0,0.014672819876760546,0.0
2015-09-30,0.9527039978711538,1.0947837082934586,1.2798294983422416,1.5348273868361235,1.0360686531051198,3.289937870923968,1.3361599021048982,1.7797133032130024,1.8194807786950729,29.350040584669244,43.39615820384702,22.76292407686337,38.68867660276937,24.051679288628883,1.9954560590777075,1.996458151629525,3.636771639473895,41.415777383508285,0.004465698755725056,0.00015284884625972015,0.0036630859510922505,0.0
2015-10-31,3.548022217715687,3.187342885378621,4.2352758462430025,4.0545221724536695,3.1659217712848444,2.335013486042716,1.9456914438573163,4.897131532507182,2.4005592062376433,16.735597296943055,27.98488265209321,15.086744455037792,26.577603561015394,16.365507096096454,2.3194148098019753,2.257326143242008,3.266050554762341,41.69726421484528,0.010694967800956778,0.0019634710827953804,0.0024979033317930064,0.0
2015-11-30,10.697026789779834,10.102604658657098,11.343032006644973,9.493620553239541,8.697376067564722,2.47082340091585,2.6870031320768977,5.690431722214404,3.2851847986147678,10.691973337051465,12.783125716576162,6.910191225974676,11.015417386327062,7.361793796158165,7.034925693799483,6.527594741258103,10.225828625220865,47.00765644169506,0.37097400903201216,0.638367954721186,0.34321366872716197,1.34207294835451
2015-12-31,22.443727379128575,15.915610291444253,24.023408940788084,21.10047310761976,15.951747527897918,1.8409369153758002,2.2898903173782723,3.7160322686325222,3.059291027518258,4.449714553234527,7.135920566916797,4.126275530726315,6.417449262171818,4.931281165717381,14.566644676855116,14.325618106388923,18.062065842595235,56.77814191215819,1.9494685750605198,2.3933463291011288,1.3082791851660136,5.299198544944188
2016-01-31,31.546665636263388,27.442217083820562,34.61123918477799,31.83401204951044,17.28721866230437,2.1938286556885145,2.8375788480843194,4.105307431825131,3.995172511856913,4.368411135935836,6.195286749580261,4.276147347123081,5.113709790401529,5.421051326619269,20.484544727294814,20.80439275248245,23.671772791148623,74.68668902359317,5.023451328669562,5.2681138951477395,1.5661476886867283,9.378672676799747
2016-02-29,6.214536352609062,6.868263115988447,5.083742379971069,5.822032994615565,16.841665381432005,3.7954123327155838,5.0509590314216855,5.137828709787417,7.195330488506744,11.787848000959015,13.091729626860904,7.895806747781991,10.133584544693255,9.980157046639482,18.38632074416826,19.74363106044127,22.478666755700054,82.53968544082417,3.6095597508007233,4.487799135249527,2.054881850037178,5.828705296994384
2016-03-31,27.896674247196685,21.679801857508192,28.445213988302356,24.917134455975777,20.86698941806577,6.050514609396101,8.537072142180637,9.907767401471384,9.357193611746501,16.451178072758697,19.809722873416455,12.12937798533348,15.272053015462703,12.806142242195513,18.69837017038728,19.397273605669646,23.578155521919903,87.255481930972,1.6012729222030122,2.8596492617097335,1.9204908206707982,4.7216100016489415
2016-04-30,6.915990967871684,8.98373264236302,8.113483456982431,7.450309861271109,7.2912789920927,7.14501931440691,11.908153505973802,11.32587961913766,12.361570497860884,23.202513544964734,32.79623554684879,18.473922747238355,25.044722299144514,19.505603918840634,13.019858892347749,13.877485756267406,19.923906981320183,80.41665274826599,0.5915506765375627,0.9846949729881916,1.7365084732545981,2.0457536652990744
2016-05-31,4.241432003024065,3.7392857909007557,4.563373280484693,4.618379057418339,3.600270801657429,6.142984900270201,13.043668518999757,9.685605148143372,11.754251764071899,24.268673057604683,42.022606862825036,23.74403871660352,32.842740375698405,25.386219793812028,9.660960373256385,9.801883468473493,14.732790458001771,73.94616199998126,0.15432837147612113,0.2845786190506482,1.4190721252803848,1.0949186219871374
2016-06-30,1.521776167554906,2.348556570715489,1.7224412237906466,1.6332436729791466,1.517965193106743,6.168719208830763,12.596098014280422,7.588033129740588,11.92227501711781,41.248082257340236,57.90512790277703,32.47355831289307,45.8470945859599,32.334256742896066,6.259879071603223,5.950729556653172,9.088751242490178,64.04937199576165,0.001953135714703196,0.01973534300711819,0.8011711389696589,0.019384244862494116
2016-07-31,0.0460600134100271,0.25377022398822835,0.03604796041259229,0.37067035838417767,0.352039188762829,4.608187567676075,8.794483317194334,3.3488935693554334,8.49665889958047,43.36143616848249,63.80182495798269,34.86944180137444,51.92528994030246,34.92004194684848,3.0280080439436103,2.86105193820506,6.260490071426708,54.20459361295015,0.0005205925068256745,0.0,0.27281977814314956,0.0
2016-08-31,0.05171634156355645,0.2610674737555657,0.01887460585453101,0.5743776615243202,0.3796749752066418,3.6752847705974965,4.891683024048188,1.7010465606663077,4.888285224281435,38.78102717865873,57.21407645605095,31.257381953053347,49.21551019275838,31.62631076039436,2.0458683595437384,1.9418439151558007,4.903416763172743,47.828605780357215,0.00092426601357582,0.0,0.08913521127521008,0.0
2016-09-30,0.1047674072120151,0.5548982680422637,0.08160187036763217,1.0440244301675081,0.508643571709471,3.5466038710921666,2.0884130659296516,1.272271799713913,2.4961316429875136,30.175808338082017,43.44862020806732,23.9892022096793,38.27263610398275,24.141043561006764,1.8816993865452187,1.8496080748157235,4.070141184901924,44.93859605554371,0.0034415739455794085,4.8993491055547384e-05,0.048277018366770515,0.0
2016-10-31,19.575312395931096,14.387869161283762,22.100844804451963,15.379419089258102,14.472136538040008,3.5406600347817037,2.666371986323346,11.489188504501955,2.5623984839820944,17.390200001376833,24.768635564412065,14.583500876062132,21.5664190283983,13.172767919015719,6.489808289153394,6.440680598968257,10.58135749407242,48.287532203179005,0.013270230938499588,0.006966218640233101,0.03821564025969919,0.0
2016-11-30,11.082332839775741,11.060142268066572,11.177622997286083,9.596544557293573,9.420885782205964,2.177416009081995,2.8513567764003946,6.089871805521355,3.737196025416883,7.876908951039587,12.810490556390365,7.590336005845125,11.184306341800655,7.589800409808399,13.761411847425663,13.694447004310252,13.389083145933204,59.77900577892687,0.24861521853553256,0.393349251948599,0.13592866185050514,0.07896204382770196
2016-12-31,22.744123843192508,18.91774253770309,22.70078365813164,17.789002880220607,16.29445799237683,2.3012681341413104,2.5285454270294623,3.7544092781911966,3.113903202683091,5.44255280510811,7.035499876048825,3.917941621804406,5.990401179880415,5.396282215354342,17.721045006127966,17.405475899437604,19.980190910472025,71.63318082668418,1.2749285226804532,2.0036220356240464,0.7479459690864183,5.068317278585474
2017-01-31,54.59120933988226,37.70325563470514,55.58856789128826,42.919516329381686,33.916183698311166,2.3840602077579076,3.1917449881666755,3.9241845522615884,4.199103538990383,4.913623910111725,6.038787364894274,4.055725337084977,5.06530986213158,5.589496734607458,22.285124778320654,22.145684370675504,26.369576078570915,89.20166125916498,8.17061058964426,9.288995560073216,4.464684067715579,18.023625029029645
2017-02-28,41.36724437076173,33.34246603268584,43.75470525039361,35.262315821394324,28.07929188342317,3.3898259384561626,4.8802065676969315,5.552405810948288,6.546308060756487,7.060815531917758,9.117054658123092,5.770539667254661,6.71029294110838,6.841130568602707,22.744376193118963,22.931503934872833,27.28396506986817,98.4820613919995,10.357056391193236,13.013231025030308,5.826328575575482,17.60992599081362
2017-03-31,13.128376343702426,11.594205244810892,14.266274324261216,12.337163001873476,10.935927333738276,6.576147179752691,8.559056469846317,10.088848024782177,9.74164095663092,16.7302932578845,18.634134232401205,12.091061828198793,14.074789753138239,13.478445404601088,19.01116029179485,20.017378857842072,25.074118702590393,93.91006808436462,8.906235789373147,10.848507751484572,6.254975459989271,8.93245007362008
2017-04-30,15.964615876631886,12.858360418075268,17.194014328226558,14.481779353474144,11.485009749481405,5.481368711514757,11.37232767870071,12.096764372086625,13.04184263096595,15.165160538082612,27.662353477045624,16.345036138152537,19.556688984060745,17.40742588307805,16.87623037246173,18.22804029826752,22.951463950140433,90.79549173794072,5.683688856915343,7.551937708341107,5.866868668024803,5.573617071589898
2017-05-31,1.1944639356560964,1.9422205872827987,1.6000623716929034,2.470974709594411,2.0117207094793366,8.032519281197205,14.109352920764838,11.003390063343133,14.1763184640893,32.27853542930513,45.25876860399238,25.908848444076938,35.00765474146451,26.464289037387584,9.321103626717402,9.93940867466329,15.359757875234134,78.76899412355877,2.4611162301553127,3.4540411620699394,5.10988759629443,0.891516525808941
2017-06-30,1.592728766456225,1.0989943360302261,1.5934378439592698,1.6720178877920637,23.739842337304506,6.510225178507241,12.697521399223769,8.202727099405857,13.377036823402968,40.06258607774505,54.657892436616486,31.523780157901243,43.83661693529372,31.82599306575074,4.584616995224045,4.285422518983841,9.551500380124258,66.85892289370632,0.7636876513435716,0.5567753022588118,4.014035203845933,0.019384244862494116
2017-07-31,0.133869644946206,0.16662169235175833,0.15781541175322356,0.3847243978954058,6.422097141324674,3.0186171703842914,9.78067939920413,3.9570428328481144,10.048522566941175,43.193377308795625,64.66436169551027,35.69219139357787,52.42937544762443,35.84387090252636,2.4023523739905284,2.1691669444833583,6.5562089534688885,55.96037604059145,0.020435971111665004,0.009585406910362717,2.774420033267064,0.0
2017-08-31,0.536315048905791,0.5113526464114073,0.4029393763863703,0.8174886852415337,0.674591197151515,3.409527021176856,5.710096559583055,3.7909464073556696,5.468658206013053,37.83487305648799,54.49502693249285,30.038499850583364,50.05971658537359,31.35382486898662,2.0822173906173456,1.9387425981521407,5.118005926806789,49.985782796817304,0.0002640274366427641,0.0,1.978196508900717,0.0
2017-09-30,1.6395978890828458,1.0732467923796498,1.8355634864171881,1.8971405959012564,1.435678959565642,4.450034417586139,3.535336193023079,4.235945830922509,3.0483698982220084,28.18770265307673,40.00122559895653,22.56082942792082,37.098062624389584,22.941793348863058,2.1345129642880485,2.027734059164217,4.23462576726016,47.83000580524632,0.005289182435586624,0.0009153786103775658,1.5891021252964048,0.0
2017-10-31,1.4482325456552816,1.5906645470633394,1.5386937651811081,2.16723273269812,1.8104793489522337,2.156057117076689,1.8260264543159241,2.1328144947308196,2.274791599718738,17.66052380482129,30.95024230413073,17.10239111417173,27.472725697091096,18.098389124183438,2.4647906282711216,2.2585973040844416,3.627826883890397,46.9040685265752,0.011227150979837536,0.005814381655929836,1.4940928861890101,0.0
2017-11-30,17.425707264992596,13.01854811920088,18.74066807756688,15.535878680864428,11.801534158166612,2.6347240826601386,2.104753982049194,5.540575249334889,2.369886429064073,9.641668749447787,12.26385324492033,7.795360506035174,11.877866910719124,7.608317249741676,8.858445774667857,8.437950704423173,12.845393003455351,53.837123335167945,0.1550076068626881,0.5225592118748137,1.4332653561958837,0.040892359937003915
2017-12-31,1.0425604128536472,3.855070026818,1.2678994918016375,2.4789923931821223,3.449964458466248,1.5812072423834094,2.0793693301655787,1.8396020140025602,3.152563376813459,8.04660080425862,11.999510210686655,6.311338071044814,10.931847942691054,7.954566192249813,12.013807288496684,11.173796300151725,11.961976045658757,59.92361345031029,0.23974120017618528,0.9052536412388523,1.4267195304331204,0.3714961841172078
2018-01-31,15.657196902861088,16.146619267831817,17.03147004839653,16.03800070359595,15.050371942693138,2.2076173826616454,2.5687618756471378,4.955667920597868,3.854041779721131,6.567717101140752,8.441251238404105,5.505463051634241,8.582809803284555,6.465827488922703,15.807238396311284,15.119237001547779,15.035489945385564,66.03477654519116,0.4401560848839157,1.0016111266014822,0.4958856486194408,1.3823805272626193
2018-02-28,2.166665318979102,5.654817480061955,4.227963630927354,2.859916456074244,6.024255271083063,2.972909977786019,3.805334352183354,2.957855069093046,5.2710086508371825,11.423098854869433,15.150092652831507,6.823514652567142,13.651115690643303,9.7155570646284,14.038294667825447,13.950212669255457,13.975094138790045,67.69925061970257,0.398338903752803,0.7716622643659196,0.7439791879387649,2.033918443070243
2018-03-31,30.972597056435347,19.230046985638836,29.954011793766906,24.374610228165697,17.61831703090529,4.767588639615072,7.627214151185408,9.073708701684636,7.576501975795868,14.968185903824612,16.215307432570473,10.272167089938817,15.206747901906535,12.008917843109733,17.818286026338566,17.89096378850512,18.775706918589535,77.36877645120487,2.4138369830818505,1.716088479997959,3.7179117185978474,4.423905195754918
2018-04-30,11.23295052745299,9.4292920464973,12.633421815534636,11.105779261349996,8.545958164461302,5.23742934667913,11.36339012322327,10.75899881329621,11.502634203085668,18.72576809201686,30.32213019494445,17.654792062800603,26.11626278052783,18.585646759370036,15.662584694506663,16.19088544504412,17.802738392304942,80.30125065085652,0.5624379212533187,0.9597642501221889,3.307240019109063,1.6824813117921882
2018-05-31,2.9989384854069114,2.783557267135242,3.2250471713130806,3.6245062210080112,3.0889945104574865,8.245923558744668,12.48421362968626,8.537768068382155,10.285602317514245,32.02461346400245,42.90437122587237,23.819253980068254,39.14738468460541,26.45521743322105,9.201597190528712,8.903633569844168,13.19206315913939,71.30043927886068,0.08503201903290052,0.13812423433187923,2.066532243152693,0.5378099510533019
2018-06-30,0.25826369185375414,0.5549353591915325,0.3434971403980651,0.8911890911353954,0.515917747390985,6.8273219747352485,11.64372037870784,6.43189234813819,10.211628054880425,42.239906989654884,57.03072187436957,31.735428441830127,49.368738929288675,33.57305960869673,4.941766391181221,3.879868426709989,8.14432811991281,61.8941209222601,0.0002843937054461658,0.0028775934359240034,0.9396513056341705,0.017420567672470588
2018-07-31,0.3191477107447858,0.7921546886561078,0.34916039559312817,0.47804747401837205,0.6900091762370437,3.1438785202180006,8.888630934903825,3.4946256767345925,7.208515461980758,41.84830273786485,63.33938818232711,35.09416659097873,56.58655843362006,37.0072307090002,2.754361321921023,2.1076776910816,5.700064768718809,52.75491999709549,0.00010092905266891016,0.0,0.3370076161067439,0.0
2018-08-31,0.015543613170376998,0.17682185759967833,0.02446161457878485,0.5228697657169317,0.32982517867307626,3.5797983385712087,4.817693317333237,1.4340336997273782,3.8869469677522495,36.61809015586178,57.935058948512165,31.461508444418538,51.468875447432396,32.63067639543704,2.237680046029519,1.8898588638344345,4.501047710191134,47.52005487658822,8.752699533887531e-05,0.0,0.15600074219461327,0.0
2018-09-30,0.14646451732115048,0.5770972171109519,0.08634456154036896,1.0358200180097068,0.5881639947096935,3.5975970698753432,1.922979098850266,0.9784593516526097,2.186004392799608,29.594932692519738,44.10775014774282,23.749354216190618,39.50269326146738,25.42260002760234,2.258171212310283,1.8379155252049544,3.7567920210919916,44.562585007109256,0.0003038863331881571,1.319109590262558e-05,0.10954668288780633,0.0
2018-10-31,2.8027541174608546,2.5476705787003047,3.112809608502021,2.805075712308058,2.260720648740626,2.3090898677821174,2.2130043212753687,3.2057285895321246,2.10094472775293,17.314729079693585,27.429560068652524,16.32344151911489,26.123222507676942,16.45843799421779,3.292908126850056,2.3853120213968593,3.250233087654249,45.4314859152104,0.002919930508892368,0.0015981048133773376,0.10154442138052347,0.0
2018-11-30,16.165409891260044,13.816902477396836,17.592283519856966,14.827717441513627,12.025685656364677,1.994018997670684,1.297176287030363,7.953822088357194,1.908181546329084,12.395877018986834,16.415739397742815,9.113969914229505,15.509247856289633,9.969604595072033,5.9119535836378345,4.6230549482916,10.409746540326749,46.2782287680081,0.10531052946323073,0.20402145884934675,0.13839650007066523,0.31522053718337256
2018-12-31,10.232892676768495,10.754558188917608,11.542602830874438,10.880276101926794,10.591258918916566,2.0933834844242307,2.4309089592616866,3.6503862346538565,3.728669697473407,5.38080783742652,7.491915370603469,4.418668884456119,5.792823217825715,5.690075517427351,16.743034211696187,15.445209750876062,14.891964873070634,59.75218097218132,1.2911442474918902,2.4081141484187607,0.5238390080871929,3.7306677262095054
2019-01-31,25.858575010000795,21.34975148534754,27.587093158056785,21.185597976953144,19.921620670416715,2.8054977151599125,3.30128766953459,5.376340046734896,4.585382168271203,6.469414612466731,8.137413598006745,5.458096197104271,6.151865427273141,6.820638975610506,19.171400388076535,18.782344757874625,22.186452435332715,73.50083769137916,2.507318497155458,3.7109956987567467,4.304474385665177,6.075092312345098
2019-02-28,42.67578456409788,32.20322637784941,45.74472262466997,32.79962382294345,27.031498864781547,2.512701209157742,4.600406872595153,5.296163500688596,5.699174032643596,4.951291405708651,8.609294688816327,5.2995479688068405,6.615708610205334,6.27339786397196,21.50042491964894,21.556107520354157,24.99269366740911,89.0599162717977,8.601948924333522,6.847506015684952,8.956615964140731,21.110208400922104
2019-03-31,22.255330355140728,17.307937816445236,23.96404944121147,19.809071186877112,15.426548260182365,5.349357098177685,7.961922317751831,9.138058412300593,9.165941229501948,12.808693861324171,15.4682716678718,10.293567090903544,12.160805793672694,11.963317450755172,20.412829964424297,20.937480126048428,25.06567416933356,94.32104847561052,10.067963729086022,8.768717971326067,10.797421727022474,13.456831529200942
2019-04-30,5.913626239673357,4.905998416288391,6.513240005267187,5.972094306393704,5.087849717645726,6.07836289643724,11.988105066786787,10.974703412153447,12.70181766826783,18.58070525565629,28.23235978057569,17.979185439725615,23.596579194282537,18.871851430713654,15.4966695132012,16.015109956144986,21.014697257735836,89.34855286312765,5.160900285989778,5.319677307663063,9.715842072381324,2.9447117384483135
2019-05-31,15.215848447326279,9.418548579486504,16.73206316736304,10.46689807325788,9.8879796462243,5.832127695750072,13.772306859251369,15.089887987515919,11.986599942015971,19.88436285587542,34.97048897665448,20.818200099289097,28.697011068497257,22.134363091955876,10.862695402204212,10.221998849955286,19.04985804245715,80.79638497320464,1.9671754470718652,1.6147853209709837,8.425212977989244,2.7638301902647218
2019-06-30,0.5908939914973473,0.6065700114810999,0.2501390943720742,1.2612448019421991,0.6162865913375472,7.507295178539679,16.344477013162745,9.313409994331355,14.446919489331519,37.9929838179973,53.33295776194471,31.13267866023173,44.00759701489539,31.28398486260148,8.279494087316014,6.746214658035747,11.706642607549743,74.18351681297958,0.8254745217776228,0.2726122508779096,7.2984963954376,0.06325299212047059
2019-07-31,0.16259729570273035,0.1696066044069616,0.1450262006275958,0.3917933207498611,0.21274608031822667,5.74771458548182,11.51934645233498,5.1435615770767225,9.926347201725259,42.28372147513939,61.32051440729776,34.22430883776629,49.4855758041737,33.5072269632028,3.1507929254828166,2.4414412909520844,7.392034207975707,60.256727958739866,0.015609560479762636,0.004623548699011122,5.806900824864872,0.0019636771900235295
2019-08-31,0.3751714736378555,0.49668607582834123,0.48449848792438605,0.7341273102023339,0.5619442074347308,4.002852785393894,6.543731667198294,2.6436835914472474,6.063201043728359,38.873607294414036,57.68385666030409,32.02732803429115,47.36465956895873,31.32831258594853,2.3276305749009487,1.951757112290495,5.552190992551854,52.14692133163314,5.057155624676892e-05,0.0,4.598286451983568,0.0
2019-09-30,2.775940883541991,1.8280824235425992,3.078753664923804,2.385725955046546,2.0173873613575126,4.497176713781809,3.743005987170373,4.106668021534659,3.613864017227751,28.380901365639538,40.78764066775473,24.187566140484044,36.382349017045506,22.92620747187921,2.9045151571397017,2.488872212354205,4.538475082083388,48.97591717264466,0.0052268227126686,0.0005455010853107714,3.8304097517741944,0.0
2019-10-31,0.38641498034855803,1.2886952849024385,0.30799000184387226,1.5447531436985933,1.3411560253315244,2.1320107103479127,2.0671516320351673,1.0663397127332535,2.2193024889265303,17.21800671738113,31.83428317212754,18.8739953714326,27.843011466479943,17.79597830118418,3.2436800190644144,2.5601819299876203,3.8292730411795075,48.06912197094995,0.01736066205425158,0.010770250767824584,3.5552026760428412,0.0
2019-11-30,5.200033330137108,7.467107123483904,9.18263558381569,6.547460236700622,6.766867920887316,2.0556231929723032,1.1269600618522269,5.9139447652763915,1.3313903338339277,13.173281756940899,16.745486224121446,10.295815346909357,16.008436610378936,9.68384667132546,3.51369807556626,2.5828237325770065,3.5956802819236646,47.10587537272201,0.3799010212378178,0.24236630379821414,3.6444093936437394,0.06805259226252548
2019-12-31,24.036193833083527,19.68137153351391,23.51726149143252,22.014062353524203,18.512255295025895,2.2270983359534235,2.4491264938050104,5.072885184529123,3.9812857744684993,4.446596050876207,6.337366368399226,5.194632718783874,6.134152936750416,5.011710374702606,17.239645438091515,15.224024249466709,16.399056899431404,64.13927965543695,3.048009543452644,3.57830053647621,5.594175229399971,2.7497798725551683
2020-01-31,8.679189877201061,11.028093195396993,10.210920447600973,9.254759212478024,11.007767893337398,2.6080825323071997,2.3180337681485863,3.824138387107184,3.4015867712953707,5.563572842137687,6.176931679077233,4.996812695587071,5.661292538959585,6.406141830100826,17.97114325923507,17.969068041957513,17.95633212845357,68.86773399317573,2.3032266191973405,3.6905861945255585,1.0034217058541208,3.262483947463781
2020-02-29,0.3580262256920345,5.687909559386423,0.49126657907323407,1.672465894524466,4.989452851331784,3.8443980937908373,5.063263531373947,3.3320712462137902,5.909841100836676,14.361865633306637,17.062361782399584,7.708803554147821,13.43398631471306,11.166117457961674,14.257273923889876,14.541602651227617,15.503125803243318,70.0794025136469,0.2342955760582391,2.556677833640562,0.9200441947971255,2.7416348222082503
2020-03-31,14.178350615624561,12.555712485462783,14.9395019570969,11.72942829507516,12.17850743656574,5.052794327266504,7.388637983475446,7.670804666547787,6.806427762989786,13.310962591904367,17.73415579810561,10.188151055700986,14.586480384015784,12.381826468089699,13.705852254645798,13.419435675961672,16.388143429585018,70.28601901988534,1.6003317008599023,2.244797618501018,1.2022532440577274,4.938408370396862
2020-04-30,9.266635870326478,7.942584460959213,9.259532128058316,8.884157693679857,8.394649056197963,7.591966192376131,11.941513387933998,10.513227561618573,10.673417646561266,26.54899671570544,27.373933965868783,17.546198727248985,24.232260749038595,19.625733967667554,13.237656867728473,12.760821744363227,15.192645576320503,80.33057864544215,1.3325972828249348,1.8670648835343142,1.8571368756246651,2.0795693679033724
2020-05-31,7.0217657205206985,5.565082220838434,7.341084061522082,5.427124094072835,5.560441990823099,5.507876847881196,13.192967776165688,8.593007177117048,10.003899592894859,24.591284266042887,44.81603732868148,26.009691518474128,37.346947273418316,27.032647803436383,8.116664716859065,6.848648219484907,11.6927864768769,68.65781550775233,0.005335186100355947,0.2733545963990599,1.2281954516196996,0.3541371249684078
2020-06-30,0.667002254222078,1.181825124693732,0.7221459669106852,1.1766431510534838,1.2524732541743973,6.870212003550409,10.90047423962943,5.744376008106809,9.352956548326018,40.26530872733202,55.74246714595515,31.10451531074664,47.30645399626146,31.994259483009504,5.077752584831746,3.9326972136407594,7.650186375012193,58.214273018573856,0.0005983059853969383,0.02658265550623205,0.7224552159686639,0.017420567672470588
2020-07-31,0.16584967056328148,0.3403298223258619,0.12470006175377053,0.44520771158241534,0.5806901133413364,4.450106817858168,6.553523389815239,2.8924759058419327,6.781742349089842,43.17560256696398,65.41841457514126,34.15195224148351,53.62845934443716,35.692582211525114,2.464665748361767,1.955588153757665,5.470069104836367,48.94441293222527,0.0,0.0,0.2773491792638594,0.0
2020-08-31,0.25405282115528466,0.4300449939439096,0.24272308685239777,0.7097191059410821,0.6404120612432348,3.8291453616217677,3.2433744422735176,1.8159996465181465,3.6655196564528905,40.91258553213052,60.42282913654372,32.100152064850185,51.41635467033023,32.96249828110725,2.3075280728247964,1.9277891886360219,4.36952838027505,44.695413631052844,0.0,0.0,0.05031204911217614,0.0
2020-09-30,0.04568636338021175,0.5470794602247231,0.033749726997362596,1.0198009420154561,0.7510782567096126,2.6434553791514976,1.238164600903539,0.8510705890792162,2.058253080254828,29.386688580008048,47.92990987432345,25.445386987396393,42.262698876555945,26.78852027481214,2.3317120715875523,1.9489663051173942,3.678883169339834,42.80466370662438,1.8741100794525585e-07,4.2422607768743e-06,0.004264891259085238,0.0
2020-10-31,0.056199798127302206,1.9540276976109694,0.05934869797639649,1.475176996788581,2.062102979629935,2.485652147048379,0.633579396939945,0.6606014040061661,1.5994011027267145,23.737284683405683,34.44288307192241,17.988569487657028,31.175518767959414,19.569226241354123,2.5921791793067976,1.9993089887856816,3.1947413791446846,42.287173485228706,1.0470551917827207e-05,0.0030035937424947863,0.001712741687168662,0.0
2020-11-30,5.80670264410141,7.869467639442202,6.343407702399741,6.227706844531027,7.754124591809035,1.5255453144583422,1.630989309431704,4.380963541659339,1.8938378194335206,7.26816862157921,14.955709288261636,8.339792800629862,14.110874412699747,9.09244420656337,4.697824873184226,3.884825684377968,4.188846104270006,44.9571334663875,0.27206292136421395,0.20662770368385905,0.2096872388113438,0.349772020185851
2020-12-31,8.28981365132668,10.925808198541528,9.412226287157733,7.72320857544712,9.928675389909637,1.7498545559378094,1.67655099204276,3.6791230577476903,2.6171774908445533,7.258044620225277,9.482824551104379,5.036620455185416,8.57939942105546,7.169223276681959,8.926863602564659,7.6231450245566625,6.074165551496736,49.06017065658949,0.5654463507002453,0.6828793757660284,0.3676639503802032,1.8480908128697724
