,p_prism,p_gpm,p_dmet,p_chirps,p_psn,aet_modis,aet_gldas,aet_tc,aet_fldas,pet_modis,pet_gldas,pet_tc,pet_nldas,pet_gmet,sm_smos,sm_smap,sm_tc,sm_gldas,r_tc,r_gldas,r_fldas
2001-01-31,4.2137973014078565,5.453137495078775,4.52642898399232,4.618564751818445,6.088880585092874,1.1755901846313608,0.9199687776058401,1.770928686381174,1.3336123118970653,3.75527644691729,2.83490041837314,1.7744250445648586,3.3875456437708995,1.898267414530802,,,3.847973132655435,24.290883873895858,0.18856375958378002,0.45528646712254683,0.4037752584684515
2001-02-28,4.308656409897339,6.5614260091637355,4.781991838838753,4.3330770352975625,6.94181661438654,1.163096868036826,1.4373307159607764,2.300284629841489,1.8789532819634853,2.7848005917510097,3.2608523986282707,2.351134247562662,4.095345468742246,2.725643714657227,,,5.712025393712189,27.756603813981368,0.2404822480028487,1.149769395579713,0.4966589821489815
2001-03-31,2.2258597458663267,2.9395535555992343,2.3512427338257145,2.9219144609113066,3.5560828738763273,2.3439779170819763,3.493445133509967,2.4462929082985267,3.5125783128255583,6.651870234658842,7.4651716258756755,4.933624462897411,7.624846409356271,5.4214824845302445,,,4.961616033969494,31.196900242143514,0.09088668851562752,1.8320916953533255,0.3552434532520575
2001-04-30,1.760142317101308,2.707457728635962,1.8493524840948985,1.6388585607146613,2.846318513228561,1.6277949120475022,4.0758610385599185,2.653019318521141,3.249900336673964,6.029116067598939,10.309994030914803,6.357957084387902,9.72401412047499,6.660841847569907,,,4.1266221982434885,28.912479439069855,0.0954273528200157,0.6117937673908875,0.17058561305419256
2001-05-31,0.00381000919075602,0.03573641090092833,0.0030125734895566736,0.2903604499315037,0.14234411736300437,1.637830166579547,4.4188654933111655,0.7749098567568214,2.6092781041991664,12.613986393644682,19.912202926201157,10.969640768758591,17.33097022182574,12.62306789162005,,,2.7309648152596075,25.102584321886148,0.0,0.24398043129758026,0.014996027100625652
2001-06-30,0.1298364593940607,0.2045276104727214,0.14301189542438433,0.19174201090095,0.35176957106673507,0.8100236178457463,2.363271764384497,0.5404856724227536,0.961151368488604,8.897522929674997,21.023132944155996,11.980557962000699,19.239359121906478,12.604347449406346,,,1.9587284832091358,21.6819878627062,0.005569820579239213,0.1374971948040987,0.011310439589580178
2001-07-31,0.02455676945268204,0.07944858665873022,0.013721461999109065,0.042585457583451045,0.08383580172435585,2.10409852104202,1.1616824380685393,0.2446192952715776,0.4147870307087411,12.799088230765504,19.87016738641128,11.629523631143677,20.13158979009554,12.37565242061031,,,1.5387708938400628,19.872691231171736,0.0,0.10697763377849491,0.008082313568833354
2001-08-31,0.0,0.01641167403675892,0.0,0.0669028747386819,0.01956068386168691,1.4322906287061683,0.5284514680085746,0.16823883684763902,0.21039901138882966,12.243263257014009,19.6710533409222,10.889392760037813,18.925513288701985,11.635379857252158,,,1.286147514231467,18.801779893404042,0.0,0.08698456462513725,0.007026665699709393
2001-09-30,0.20778262908911593,0.269162826114231,0.21610995798539318,0.3679214350977173,0.2743017110555169,1.0954610495285741,0.38408247076054736,0.3848965976667725,0.2276747144016401,9.881047103035561,15.372919436962643,8.034774962800794,14.303121661052097,8.797381714712058,,,1.110025974392872,18.315419912567016,0.008203715586294106,0.07575299986041129,0.015401528334829943
2001-10-31,0.5877942200916872,0.8688809446956113,0.6727609636787714,1.0180529688853102,0.9140867480506005,0.5674942862012405,0.41321949388381807,0.7104448976285708,0.2867015589514436,5.422135214534341,12.084612931824548,5.177859408169527,10.375469322048799,6.315631497675429,,,0.9865129381835797,18.221284921694505,0.024306984578027494,0.07978780851038107,0.049131321938934276
2001-11-30,3.6075093260939157,5.5914315221751485,4.481633280996984,3.8750287423925642,6.052895495208924,0.718106219204467,0.7418307225834571,2.3877125025937533,1.2189883925227454,3.100594827059101,4.075593896629288,2.6389105859217863,4.525134565787434,2.435320511362394,,,3.5549033939233134,20.36776446801145,0.21167867139915278,0.283556591004134,0.30690996723234737
2001-12-31,5.510869575838547,7.903685047572735,5.935666774210403,5.567103668730012,8.882814548302896,0.6224402062096249,0.6563068082241393,1.5264323947182412,1.198409313345685,1.3581845092465774,1.9386697198931733,1.614443985493737,2.629211471017137,1.5761052376710145,,,6.615244306325183,25.77058381132239,0.9069127240521285,1.5558817202937656,0.6523063000810136
2002-01-31,2.1750728331749203,2.961665632746801,2.409394246800042,2.7377939030706058,3.259381560184507,0.8324731749671143,1.0203973680927478,1.1745135967816596,1.4275604875869412,2.101229800385799,2.879533660801002,1.6141901105626941,2.9777680357456284,1.7429985387856997,,,6.7559242468095,30.91373755478201,0.529958610746071,3.4081922086666863,0.5725708787037382
2002-02-28,0.907361863076385,1.546430806081177,1.010437074698863,1.1903577789942046,2.0084169240398886,1.4403310268735936,1.7563111863558378,1.3474279788233274,1.9748813638584004,4.635312115900219,4.692877709060731,2.7826868064258226,4.129821418894561,2.972064436238856,,,6.375742438924047,29.742009530668735,0.0655995485813802,0.9412089415896165,0.20006555489084155
2002-03-31,1.9763688992192794,2.8609393560913747,2.0899421604103456,2.16865979437044,3.174789618573351,1.919039634540082,3.3316015059851405,2.3457542190707157,2.969089342587525,6.172197198183863,8.116525555973316,4.725113683938042,7.213439236833785,5.154881658404143,,,5.851315740552333,29.497111640083972,0.09319610104868241,1.1395761969948177,0.29147287666699523
2002-04-30,0.3825335762592786,0.9088320057599435,0.4087650862571445,0.6913103641820398,1.0172466321921074,1.646691675046164,3.779483629846653,1.825805447989952,2.911621244940799,6.360004481918994,11.563899169242205,6.604661091639753,10.095590030060427,6.920866685039819,,,4.343839105933152,26.96132592709889,0.018148548504804015,0.39012856659497375,0.06267675265122821
2002-05-31,0.7159328614538535,0.9970874462027625,0.7889587178987219,0.569318457159715,1.0934151022832739,1.8456998333017496,3.546980517905038,1.7297275126811582,2.028919176870047,11.11732805332036,16.678795850071374,9.578794130336192,14.865065044753667,10.586492255322124,,,3.13165988973829,24.05765357849343,0.032759291483250894,0.18784044440681882,0.036452046654299186
2002-06-30,0.05235320493987649,0.056230689359257346,0.0,0.11531753760914568,0.07681612397120963,1.949348952440015,2.3883972907982765,0.6026723137744833,1.0592522612391109,13.307200485457578,21.594374035668924,11.699754960287928,18.86727413294412,12.634674956574047,,,2.1096147338625504,21.323210215700783,0.0,0.11894932341943903,0.011363396373275065
2002-07-31,0.0007124616478626101,0.014456951975355714,0.0,0.040077432692667066,0.00859706113941285,1.8228593938294928,1.032109050003532,0.31278047719324226,0.38239128454277777,13.124651018647425,22.430093385151356,12.137383711839579,20.56666989706641,12.910343237370837,,,1.5932240082064568,19.288498799615,0.0,0.08902544058057264,0.008714759880813354
2002-08-31,0.0,0.013851057606379745,0.0,0.06687149273229216,0.006515227817347091,1.3016398826817035,0.46517849090279223,0.20632551510651137,0.18073443139956022,12.172651490318033,20.21895705896759,10.71432704381234,18.846062814433907,11.339092963454814,,,1.305326063085528,18.248231411349717,0.0,0.07197051904975324,0.007421320033344188
2002-09-30,0.0015873360434976427,0.026163363118286584,0.0004856783002540648,0.1892416160006207,0.003267795857058828,0.9777099563465362,0.23159934281134453,0.16897172446045094,0.10374646498644184,10.283004686355406,16.654825608578726,8.122198980381315,14.643566475061972,8.975152155202476,,,1.1152785706277146,17.756383282879185,0.0,0.059633188630895916,0.006753753579049175
2002-10-31,0.0015794523635649337,0.05435471298653779,0.0,0.35526812827230003,0.0262741565638254,0.5502286641860813,0.12073969485251973,0.1149232443503281,0.18258648279251447,4.963342835808183,11.676841305783975,4.921697745463159,9.934226831790983,5.915705184443037,,,0.9770766406158055,17.54035389315735,0.0,0.054519890596289484,0.01125451274661303
2002-11-30,2.6234208338756364,4.249291810105091,2.859237938579447,2.4526822800525885,5.076376466744746,0.5710163231499591,0.9381970487908756,2.3860472000249673,0.887303674921647,3.4362616380728905,5.76358946138139,2.7686545739138486,4.867113279778189,2.8746455572855343,,,2.2411739961500614,19.86676895170592,0.15089943709768594,0.19116595608864573,0.1924894013048837
2002-12-31,6.958149497676663,10.414409336855798,7.912668549618987,6.867421047328197,12.165932747880394,0.6959307923934049,1.0153355699596862,1.710809353490692,1.111400108307044,1.7601927664421595,2.782321613296173,1.7424969424180081,2.846242566929168,1.5206369444691452,,,6.734635772614776,25.113110271559826,1.0319169683305807,2.15318369106292,0.8278130238929559
2003-01-31,1.8118607889772806,2.320946948888875,1.8671889056223219,2.26103562603326,2.548311232583444,0.6091148244943847,1.2257550784813107,1.048540844737907,1.3170743667578102,1.7078151547530058,3.4834175676220944,1.8635405104905953,3.1427065443935414,1.6838994384310881,,,6.6584660981571275,30.183975676679147,0.45526479349763477,2.2668473983626134,0.48005198713246233
2003-02-28,2.018454092370402,2.881383258936796,2.1783940607143655,2.745044796074624,3.258626999348751,1.53855533299714,1.9793204086614173,1.9608305497693144,2.2016929317316825,4.205992036732712,5.080352589212782,2.432131355521743,4.473296159395228,2.872186326597803,,,6.657147326687272,30.092144152170512,0.14754857419342376,1.1591772747842835,0.3781029023093695
2003-03-31,2.043695028492119,2.730834431390263,2.2689849095632493,2.307764773561291,3.4496721126946985,2.1790663270275656,3.865157443604657,2.494365042244173,3.153770869960724,6.081474358017755,8.882018885022523,5.123281045431863,7.386031071544969,5.275388394945745,,,5.990952142582965,29.713681496342023,0.12099950426889441,1.0394298206042607,0.3570073681391779
2003-04-30,3.117570094790233,5.148136293867146,3.476636944192342,2.528479554524832,6.173750882041553,1.6345685666982404,3.8816664231035407,3.346962176538947,2.8921884977813583,5.225267863740066,8.878288930463393,5.557793860738573,8.498091281839077,5.544766398010598,,,5.903935495959893,29.81923665280587,0.2573334824886581,1.7363656674083368,0.374538663339634
2003-05-31,1.1000165483140822,1.5691843120540325,1.1709812920191276,0.9143748195642611,1.75021229515062,2.161107921783052,4.959498320973614,2.444167971791628,2.854957312229745,10.519831160057665,16.154622755213335,9.223801123367885,13.570879104461874,9.85251836632142,,,4.035196124914548,27.912302967709465,0.051831649211494045,0.9948705672286696,0.11858392156867847
2003-06-30,0.0007682727320057586,0.020467398118589206,0.0,0.10549366749519345,0.025208918595365636,1.8478265794957753,3.4167245598544156,0.9133482175529317,1.659941018842406,13.01247068087501,20.76204948055452,11.452975670062168,18.062201959970434,12.071888605879362,,,2.584852218100957,23.289915747450404,0.0,0.1871061384586781,0.011241137698928004
2003-07-31,0.023407073699773042,0.09809112708431485,0.012545214077428039,0.04370531976439664,0.10297473542904861,1.400788020818027,1.7131624505889944,0.4500759143280169,0.6614025361753024,13.040689338556856,23.011943345782598,12.265038584664895,20.97424129848127,13.434072444912948,,,1.8370120934994325,20.34641881374673,0.0,0.11681600358132463,0.0083737909861112
2003-08-31,0.3596632867639651,0.541980456684069,0.30855108590347674,0.15381936035972754,0.6889189564013527,1.8605198213821739,1.1461639448686585,0.647136248555478,0.32747535456411825,12.09927378906134,19.9442484595458,10.460463426664584,18.23078186551452,10.869669051972052,,,1.459449338441487,19.111545697626887,0.019676185995215693,0.09719009105168805,0.008334371932905663
2003-09-30,0.012342873865235816,0.06322462196687338,0.003568970252432939,0.20779553166097586,0.06117859319047282,1.1125915214778326,0.49530234019606456,0.1922272203798585,0.21176587948934614,10.041220810718054,17.126953480289522,8.099547593738075,15.175144957006596,9.195798379365842,,,1.2222288745990022,18.419261789455085,0.0,0.07869882478311425,0.0070728925185415846
2003-10-31,0.02506141564851588,0.10929667604333924,0.14443582462188492,0.39128205472652156,0.09458479426471193,0.5188455845477611,0.21756802183967047,0.19527974796758624,0.12525117110924294,6.620475606976732,13.10506017898582,5.683569998160836,10.974085669727689,6.743938737053921,,,1.0566425888450761,18.024089913828085,1.8975346486274507e-05,0.06884223261792136,0.00665417983405824
2003-11-30,1.8521131740110737,2.810959799301957,2.1352084768938537,2.1028318896322524,2.8608649344227675,0.7707756629415863,0.4550171994920708,1.5313359687581458,0.6492986351587634,3.3016976322932665,4.797771327404752,2.3490855800196098,4.705507454213091,2.5645752955432983,,,1.8886499072172676,18.438319732176204,0.10545372422558075,0.1956777959517346,0.09655483560378089
2003-12-31,5.579939990279035,8.064543536201757,6.465391750591905,5.112886704769451,9.019159854407386,0.6415161670532277,0.7677310158352888,1.5576677849630869,1.1449903107988202,1.7333503833546318,2.3707527009440827,1.657825981567243,2.795048580681015,1.6486256240915795,,,5.856714009250234,23.106810868379924,0.6118882155390044,0.8985282770618603,0.5799619001792398
2004-01-31,2.2049135067067716,2.924054527133084,2.0062234557637324,2.7100541675804024,3.4384412235000217,0.8712434299572119,1.010442107389409,1.2250280770480877,1.2362269703580815,2.1847939699235663,2.76204650679624,1.5825626661478107,3.252996465857908,1.6841541926052854,,,6.228320111432082,28.611083764820123,0.41558079447051,1.9346293212188919,0.3888323583268658
2004-02-29,5.261482382632638,7.953729354131351,5.983225321523172,5.432022565362122,8.737235684035362,1.2644370314388635,1.549232550316604,2.296571491533693,2.229553713429164,3.029932298855071,3.6529510592417873,2.3349575539887604,3.905420280639743,2.6586313114526945,,,7.063257711654953,30.130415406271883,1.6274152125016954,3.3274399016498366,1.2494245901642516
2004-03-31,0.9476500718487645,1.1552450778279377,0.926456106329077,1.222698846321131,1.2930911516594696,2.482910551878242,4.24439175098261,2.303129173048172,3.6289563106173923,7.905282211674324,9.704446922091813,5.583596032918221,8.1328141500762,6.088672286582817,,,5.591402709483118,30.036132375934038,0.044427320610282615,1.3332423532217197,0.24227926976522968
2004-04-30,0.19439038425670743,0.5219164424623338,0.21935891587609985,0.48959100931997107,0.7838437511121062,1.873611871214346,4.36535064026039,1.7356270187834397,2.9618473821074764,9.917191436080056,14.326633244934417,7.331730108643382,12.036778236974001,8.523843373422267,,,3.9844908201032276,26.222210187508658,0.004767681672337247,0.3006965319448514,0.03841743417869709
2004-05-31,0.15550888150608044,0.2848269624430825,0.14691806937921226,0.3596030646574813,0.42071821445483293,1.3120569274829323,3.032784301034672,1.1369901431319132,1.58479174681598,8.324290056451023,18.171794098688625,10.041687583861824,16.349855313942836,10.997838852222134,,,2.775777134885949,22.781092553663132,0.004196285155972544,0.17414429006768786,0.020090286461132915
2004-06-30,0.01159658847053949,0.048954309896017276,0.003579327740716616,0.12286465014990619,0.050627335144429506,2.142679878805343,1.6890531114663272,0.5387492825848398,0.8409296052707338,12.953405047684246,21.160416127636086,11.413809313214015,19.42823480610359,12.41750510159561,,,1.9544547090672943,20.523321655775625,0.0,0.11723695445549408,0.010715592574545211
2004-07-31,0.0001796058203586835,0.015070494251475672,0.0,0.038768968774248735,0.01892686552648851,2.022986334100972,0.8110301713356868,0.30016711042265076,0.35604850571844854,13.024272346617062,21.339906076323096,11.976237358160299,20.548116133117915,12.528688508867576,,,1.5246284619523014,18.967082638499924,0.0,0.09444453280731847,0.00873300097641687
2004-08-31,0.001543113504403448,0.022667656320961897,0.0,0.07788196333202173,0.025404436625632486,1.444041038927564,0.4409398756808493,0.2009173705234911,0.19334566863497746,12.094896744888493,19.31817359613667,10.616205771383537,18.687195196969824,11.314356945876508,,,1.265858216811018,18.08778562998102,0.0,0.07814119740592508,0.007712440364505408
2004-09-30,0.1069502342312725,0.119943540818195,0.13519976313661577,0.2597459402574449,0.15467806233021822,0.9243810524300677,0.27680405995080215,0.2630095757069921,0.21922359991702367,10.07548439053124,16.472140513438763,8.18092609716716,14.85942432927535,8.94952111110975,,,1.0895108438931576,17.68084467213355,2.1657148549019607e-06,0.06611075389237453,0.010826403153557197
2004-10-31,3.377671065345957,4.825896731583591,3.7478581600558365,3.1446092490716953,5.979710439681003,1.0064664083766361,0.710190966172313,3.156516111929501,0.7011170927226664,5.815561905173216,8.856523471173329,4.80318870167982,8.74058273475376,5.173574648100665,,,1.6682891608116206,18.774695389542405,0.17153705924145016,0.2869307293285492,0.32856482236114226
2004-11-30,1.8002860510587007,2.3293473539052223,2.0294203170337077,1.457513296644227,1.9959602606612765,0.7056357783800916,1.1382632248907552,1.5013659906897072,1.0577940647254722,2.4478406624124887,4.62789624992249,2.2644105699491672,4.087943988859934,2.353313513050143,,,2.2634629303910403,22.518732268724484,0.09524666073886291,0.1894707815556859,0.20304998052488415
2004-12-31,4.7504500683903155,7.089837698939099,5.087783113290329,4.709127840988018,8.638878948043724,0.6384658546681825,0.910635288362346,1.61791099558415,0.9851426953005231,1.8723601913842995,3.1194136670443195,1.624502111376827,2.9454101551506344,1.7147301784579,,,6.018317523680076,24.946557209158968,0.35950764693877324,1.0658968379582145,0.5595988064933222
2005-01-31,4.970189836021155,7.2410225501064485,5.39105551151273,4.640676533375622,7.973220905847819,0.7095404030840826,1.1562536792185745,1.2307875881704133,1.4191388790682944,1.299161767379392,2.2990709121648836,1.2317351985277336,2.759643728016517,1.4531278786800346,,,7.937824807371797,32.43659188982896,1.0178272479263208,2.6702409391253665,0.608625406553192
2005-02-28,3.1494670452176514,5.008970986808614,3.758139267657923,3.908514790892934,5.53938060454605,1.6915056300377433,1.9270159798809805,2.181759571708828,2.291632573766912,3.241958500822348,3.8196957107731975,2.2318187875683795,3.957221884529523,2.5870054792841963,,,8.117455466721681,33.5576052937451,0.456899132375822,2.237943137900505,0.4759282416404813
2005-03-31,3.1902299276624984,5.271714458225632,3.7691098899723605,3.438557642145923,5.779290430559927,2.5726022985444432,3.7650528037906996,3.5726851301766347,3.442328403286828,6.217271266196665,7.27144853116695,4.570968689078561,6.531798016968596,4.7633681794272125,,,7.550515692913844,33.47612913436546,0.21123884995528552,2.390469330221463,0.5494854053004968
2005-04-30,1.4069521912593508,2.208119633739684,1.498709787284981,1.6082319477720126,2.4289513852245768,1.9851321763474699,5.098857689083343,3.159743356065159,4.195309285806929,6.050900375504338,11.240586203359278,6.515758817973414,9.021383095350084,6.704486715169989,,,6.035432431085528,32.32991554827103,0.07521406453667466,1.6483410449722273,0.18749555719293753
2005-05-31,2.1964674875692864,3.4178423120922528,2.5480821433870138,1.5023922107823575,3.5591487534347994,2.511995186738195,5.345067460182567,2.9440566292518735,3.4857843417320975,10.134736015190777,14.246651549712396,9.198900706772541,12.229799323637243,9.291038009523431,,,4.4620710045776315,30.19417809908266,0.0747703596316786,0.982747101685413,0.15356380236212241
2005-06-30,0.40692126300075354,0.7813469086845395,0.4742370845991662,0.1951237288760371,0.8526203166244415,2.2452582105803485,4.3974099209732795,1.4365077970185076,2.147977941400375,12.38428026477928,17.689518555021625,10.759651604497394,15.252722747624167,10.757130275497085,,,3.067127648019878,26.344214767932908,0.02101338735309801,0.3547766217982144,0.013951342121117268
2005-07-31,0.0003635176840329549,0.011917672186354405,0.0,0.038486254044043766,0.01814149494649299,1.4242313461599039,2.7338605512227403,0.5641050225584362,0.8959224758354544,13.683568290038775,21.988841309495626,12.383081413079902,20.248165714044276,13.299419283661084,,,2.104034045711059,22.703881163554698,0.0,0.1912569580654311,0.008780019883167003
2005-08-31,0.012569065117274663,0.06461147091035403,0.012669262660650148,0.07280245820479439,0.07071891493971637,1.4470340159075783,1.041866697938746,0.34385138592679343,0.3566592098386215,12.242627074545858,20.226542532627114,10.744960328780468,19.128847879393618,12.080497231699052,,,1.6344232076641383,20.46110809143812,0.0,0.1320541843771838,0.007405131109335835
2005-09-30,0.13499933875403586,0.24964082365684048,0.12882561527390066,0.2511413937964076,0.30442915882652516,1.2984887841411037,0.5335604150475199,0.3432507500655172,0.21024615833939203,9.704165717166765,14.954226279736954,7.655108336571291,13.476887573641994,8.231203564920385,,,1.3543306723340047,19.475920350648376,1.4111118e-06,0.10433650189204098,0.008403762929838793
2005-10-31,0.39558329626013256,0.716775293914987,0.4616010433368794,0.6857644641309045,0.9037994891900657,0.723511983265858,0.6520048414273758,0.6935784211144642,0.3418799801124945,5.194988201474848,11.027606504119037,5.154313992553795,9.52502012568052,5.739047709596674,,,1.171013683199197,19.34849494386959,0.02662053529589815,0.09883862449726631,0.021329885193081523
2005-11-30,1.2509743765447878,2.2906380735781764,1.5727503182590923,1.7242411344110529,3.026983713730002,0.594592684065365,0.8612462424438655,1.1135457200638783,0.7700259052579824,3.601543942979253,6.145742918130432,2.7375390874920313,5.415037652436287,3.2378241300710155,,,1.595045617394547,20.513548008110696,0.06281717682339621,0.18844761081488687,0.13781971166863946
2005-12-31,6.352886044692585,10.724930926690023,7.655114755981981,7.224750267718148,12.648199982734898,0.29459469747575207,0.9066032341051221,1.5260855629825938,1.0355438384980777,1.0353804549728791,3.067343024213187,1.6271306417583211,3.0405857747724747,1.7866025106535262,,,6.337687189781886,24.35169378739466,1.1248660666715267,2.1617800456168075,0.8009586264337757
2006-01-31,4.37074548409199,6.298694500596803,4.2544313918143235,4.462309099522592,7.171234323193599,0.8476816887139618,1.3154782312926685,1.79436884293696,1.5594006658119142,1.9262441517352702,3.236967396086509,1.8627854600179339,3.0684838363080034,1.9610523003360414,,,7.323837476239963,32.357666919346684,1.0709162877108769,5.17899155629052,1.1225973122152753
2006-02-28,1.771324884718887,3.23717624664927,2.119076101722577,1.910242624399461,3.7374341681711423,1.281205289004963,1.9445758136410376,1.9011355965270855,1.8990511986341443,4.1253750130769,5.372454729834915,2.8596684130162404,4.469369931445742,3.2625838558058327,,,7.0669541143620265,30.659555190030616,0.29267327464235304,1.4753141578748261,0.4323889604592389
2006-03-31,5.389229047959503,8.293126137641941,6.641865599722663,5.874469082442809,9.271649802011389,1.6736278131424764,2.958290923107414,3.2490772303752458,2.784391170082429,3.586393242114452,5.581756615361224,3.701639245154633,5.377329349796157,3.73925858153802,,,7.402590367910251,32.7902500097688,1.4882577509425992,4.242013568612606,1.3479655044702608
2006-04-30,4.706329843801555,7.025020878090964,4.616417271645904,3.8741992553252684,8.00353996012872,2.360096055060853,3.8871716247400507,4.563219424755654,3.9431841889069097,5.530949363736554,7.183259693971351,5.725118152485578,7.50853694406965,5.724261452608038,,,7.262415329679963,34.93187104608964,0.4671159557311066,5.39568298123143,1.328697663414462
2006-05-31,0.8739870018858281,1.1552097185325683,1.0134759568116758,0.6626590231738527,1.252515510514092,2.6342843709375443,5.320841651937703,3.1853135693776564,3.966097559141566,10.817942231357623,15.350056010378005,9.68333849382742,13.63896284096025,10.5084790402022,,,4.502963496906993,29.929115636436755,0.027488501821988212,0.7466914608306672,0.056956096432246625
2006-06-30,0.040911154901429596,0.09687566699578334,0.029300341480533794,0.13732153524160504,0.09289091981653293,1.9995838090032558,4.333736844573802,1.4462920845551155,2.68209616937766,12.738128021833115,19.513598556260586,11.523789397877053,16.955608656666907,12.344384095272163,,,2.8433585378605177,25.639155083200368,0.00025903740989803917,0.27207397473213446,0.012852739236597069
2006-07-31,0.004192822854303483,0.04251348785991091,0.0005347431755534531,0.04304124523042635,0.06043136834378992,1.4372335360104194,2.512512640344904,0.6302044615554236,1.1576949096246556,13.424235233775912,23.148422359127483,12.375297605571568,20.28564125728207,13.387735164670609,,,1.9956364614262463,22.08733576105083,0.0,0.18140665028738165,0.009442135663208942
2006-08-31,0.0007831564187291997,0.018201987231195423,0.0,0.06759279848356908,0.07821345744442855,1.7446010302075199,0.897304433690734,0.3492245938317314,0.3858460291980098,12.187294979224832,20.01930198452871,10.557853578565012,17.96183057110922,10.976763740546195,,,1.571957083142425,20.095651245308265,0.0,0.13794642032597323,0.008025560950427522
2006-09-30,0.00024655595439934035,0.013343109004602503,0.0,0.19586031593518458,0.004435004821464709,1.212722575373914,0.35180186155035503,0.22724975152726248,0.1740104026087564,9.392530857785411,16.69043827324055,7.945254454439124,14.95509843753394,8.917219690009965,,,1.3091348293138072,19.19910130451647,0.0,0.10968512153318906,0.00735598805794793
2006-10-31,0.302645417257281,0.44741025982587523,0.2993576879109417,0.5334809027297575,0.4843789473877478,0.6835678376894117,0.4604147512819958,0.4574186025937292,0.45811641658108493,5.734505290284401,10.63759395609181,4.971251359338307,9.54490018892656,5.413666775441753,,,1.1269548817383905,19.03716202079118,0.0008362397818627454,0.10155573227560337,0.017288501192323554
2006-11-30,1.1796798074385597,2.2877705347736454,1.3326700236727298,1.8157754609434118,2.6682427155373403,0.6717017707086543,0.7458344390476822,1.1929868605402396,0.6723180501816267,3.1983321577270214,5.350176867571772,2.4877743452625674,4.977056276812113,2.763954205909434,,,1.541769895995834,20.406668237907475,0.06573345244435293,0.20696979684768935,0.12288358595494508
2006-12-31,2.6416853523794654,4.274396446441746,3.0260554862212916,3.0506701211937193,4.88348310768997,0.5921285975103783,0.8571411959616129,1.4527319461196522,1.0214031489853712,2.5133117616760177,3.734842690055347,1.799812463862648,3.1550271471299305,2.1099801800843996,,,3.147785162077766,22.74062899314211,0.12668430660924718,0.6270332868199362,0.29102568435638654
2007-01-31,0.47381848273058325,0.8696994777243419,0.4905475627225963,0.6732917406814813,1.2083371725357828,0.4896161109952388,1.1317814946900282,0.6711151307381089,0.870967469260131,2.1685213360907483,4.8706838108191866,1.7617830370987604,3.4323620354745032,2.5664376170794725,,,2.9504889115708237,24.827952736197062,0.024505516998200125,0.5887032144267583,0.04499022909148858
2007-02-28,3.406940989796757,6.437151005604601,4.078406144598686,3.8344641889830826,6.924993392039697,1.0710014851677672,1.4725493130719605,1.8868660064004672,1.5037628501220435,3.087864575664507,3.9553087779059823,2.425795767999191,3.9900640898697297,2.70211179990787,,,4.403223002983404,27.216676752511894,0.20043928615910142,1.5036469317900334,0.46398885995057004
2007-03-31,0.5995961206464109,0.805259559904435,0.6439515826655186,1.0285695771655086,0.7786299390872973,1.9790549103918182,3.2784910047036138,1.2173103646015504,2.577380803819289,7.693512841429396,9.16673340831271,5.328384228807694,8.123324965701348,6.100391303323324,,,3.3959220903811516,27.11881141972019,0.017657246748847145,0.6820711290999886,0.08717013723676159
2007-04-30,1.2320114007421104,1.8561198930909644,1.3516672081579517,1.488916478737514,2.035686192525618,1.4841395363375127,3.6867763602784933,1.6727269334746468,2.44618505576579,6.559521580027428,12.49368367214424,6.911647293160124,10.852984066305199,7.775817892607249,,,2.8362986578514318,24.817216484497408,0.06076454790759234,0.2850251217310186,0.12415099580105528
2007-05-31,0.22741227429605768,0.3385017707416714,0.27723061815385996,0.3381976834745399,0.541775352439674,1.8075026409390968,2.977477233589985,0.6406233500286215,1.4541327318086832,11.792515257161787,19.865371807524863,10.14858911589735,16.543261144389334,11.271798322008047,,,2.0553212466894806,22.403641565183797,0.006807531454984315,0.16740590547184497,0.021082329946027094
2007-06-30,0.022874367734046698,0.09470991722537923,0.02277556652768184,0.15235476562857675,0.11817166461829239,1.8492629046376585,1.5184952788299475,0.28666442804030684,0.6072700233938878,13.397445692487574,22.48758166459258,11.598353476932976,19.241519680813315,12.641972222500018,,,1.5334750416775529,20.089669856270838,0.0,0.1064819205935222,0.010941940680636184
2007-07-31,0.1353162575593894,0.14756869214803134,0.15432635386953608,0.047206368828320036,0.10010767456496127,1.8302609695427268,0.8075551519321957,0.2789284286760303,0.2659804032698902,13.220222000431699,22.850675607325545,12.167756872657774,20.348409369807474,12.910383808167726,,,1.236353950585073,18.687479487323223,0.0030695264157764653,0.08285175406959072,0.00839568079645114
2007-08-31,0.01742371565433486,0.05424437494728266,0.00988744499116112,0.06854129601782741,0.08470521553961131,1.5451018957021634,0.43872749209515916,0.18798628979695672,0.1449517964308278,12.367195975928789,20.702717691336662,10.822775140004353,19.129176704336167,12.098819361433625,,,1.0516479772515388,17.91355371484449,1.9504015372549023e-05,0.06898020251048041,0.007251102187504434
2007-09-30,0.34524330244008256,0.45648600062835204,0.38632428816528314,0.35155164551215595,0.456927885953125,1.2902899278381745,0.4121289097270045,0.42452879234006463,0.21343231058347556,9.060808763482047,15.357969515506017,7.735692209789825,13.703051164330294,8.23479386919365,,,0.9216073427225099,17.625701260874543,0.007254333670247056,0.062269596860206854,0.011244317653803607
2007-10-31,1.079767479627358,1.6062320171726376,1.1491710777749364,1.19928366605784,1.9973363601492748,0.7652892295996685,0.9580882526253873,1.2707293541854523,0.5578836350650116,5.02325287430287,9.972476388787609,5.018589855223011,8.740485003618101,5.213894761320896,,,0.8574032460888346,18.382705217769633,0.06504362179880009,0.10725427950936328,0.09827281757984785
2007-11-30,0.5162311004756696,0.7110854389408846,0.4718173381491929,0.7902842115443716,0.7496976810344377,0.6093440202614724,0.6657668585715766,0.5167017822282585,0.6080099483071753,3.8062091418076545,6.869510912702885,2.5939252989421373,5.255748427207618,3.1421714661144633,,,0.7982665468281476,18.807714505494268,0.024728513551878453,0.06931931635295521,0.04760961824770793
2007-12-31,2.7190402186101097,4.179597014045529,3.1585010639970252,2.5627957552341702,4.876849495438395,0.46697822288171553,0.7405162942265248,1.3283400215981525,0.6469321536004786,1.52498894588577,3.549934707562779,1.5646634922829448,3.1288807000110994,2.1142998361697787,,,2.6521437664464815,20.251299354459753,0.13407231499391803,0.31666330753209804,0.2532530740048425
2008-01-31,6.654892511844384,9.497615263858851,7.641027720706735,7.0422179827084195,10.622922626476752,0.7402328867587312,1.1939568751582503,1.604423304634466,1.5040251065926715,1.7593168704742548,3.154964832065536,1.6080047372808328,2.7697821202268007,2.0514972092804893,,,6.508344975351968,26.99439964593163,0.7049336891596706,1.7174765872917077,0.9662464101032583
2008-02-29,2.6400227369012055,4.085602426738638,2.888850381292805,2.3634557010930632,3.295571928523932,1.4584677639615133,1.9359153305343608,1.9859396104212688,1.9462832471397562,3.8840089067945156,4.6024828145504335,2.506971374415663,3.796104432730981,3.0449763694946084,,,6.598473476040182,29.71806762095695,0.27390116455479246,1.3640238149214698,0.4714010273946198
2008-03-31,0.09243624565525041,0.3170565133273887,0.060377479983189306,0.8133270856861038,1.583976287921375,1.4048647858886187,3.835957746322799,1.5457006853025559,2.8900642568667445,4.654483038459007,9.564174212538903,4.977009941584797,7.324943733941136,5.724682172494834,,,5.097967974657807,28.883439219174825,0.004953634757545086,0.7395487787470514,0.07378566282188868
2008-04-30,0.06852053014590237,0.260957087556958,0.07195434086073689,0.4733540667860081,0.9508924258895665,1.857579349890495,4.157798214507862,1.3993161457160326,2.6744444905082805,9.600405112389403,14.206970684999686,7.167377798717152,10.971909558649227,8.057864808718454,,,3.6148613716285243,25.681100490146143,0.0016286818236431382,0.2507435947124777,0.0243656585755934
2008-05-31,0.21692858374635512,0.33276391441220854,0.23175117313225582,0.33077486379526283,0.6513539321418604,1.2476888691225452,3.121621716104772,0.9041149785449082,1.484155289179422,8.403820308577012,19.06086596847871,9.591926340063416,15.593163715608654,11.068552256632863,,,2.564644473252844,22.426839853029534,0.0021625371076352973,0.13980371115580986,0.014461007042689135
2008-06-30,0.0004727825802773419,0.025953786974813625,0.0003960629231411009,0.12193969663724515,0.1482599943717681,1.61553353264069,1.7226582415986973,0.417457062242472,0.7094012502535031,13.159551788316223,23.145238456525483,11.823196641655692,19.470765255363784,12.932573539397096,,,1.8673495157494964,20.258487374488414,0.0,0.10270863962302604,0.009901503225915697
2008-07-31,0.00021017589978689573,0.03376792521110881,0.0,0.038499034002774275,0.13458344725281934,1.7002826604024055,0.8253478220315167,0.2524453932374415,0.28225424797858045,12.858055146294792,23.75840681709141,12.036319783221913,20.89701472444115,13.218963942081208,,,1.4878257104502466,18.73598104066656,0.0,0.08434063798420512,0.008006765048058787
2008-08-31,0.003534728164771482,0.019946010188852586,0.00032303226195174546,0.06790653013116232,0.07978927666916777,1.2593968300700704,0.4559436110920777,0.1820411859460766,0.15154535291177818,12.460156938320853,21.58131672571286,10.947558685431556,19.14916668350401,12.05188784330948,,,1.2526985187858073,17.94783022555967,0.0,0.0713740593527705,0.006964289620361421
2008-09-30,0.0029620809384626454,0.013292733547551202,0.0,0.1875130783860032,0.18195901522643432,0.7259710186426094,0.2378522458002977,0.1341223792843104,0.07965569502607427,8.042924825786221,16.44190283828167,8.128475080714072,14.768121058990523,9.12813607492906,,,1.085219486245346,17.563644978919704,0.0,0.06034495406075645,0.006280969294229777
2008-10-31,0.45174515427420053,0.8268524475050951,0.8909861033671895,1.0794389597335097,1.1944957017319704,0.7646221405817433,0.4656472172272966,0.6070016424359972,0.29445992475100996,7.5644710949856835,11.384461570297832,5.599288872342202,10.05093802560717,6.150427944947202,,,0.9651923916671497,17.6437157288126,0.02355972925107844,0.06700023764285605,0.038354917750451405
2008-11-30,1.780534663740453,2.7530908035220025,1.893710155625604,2.1029779662761,3.7213608232944386,0.5469109852110222,0.8640134242462287,1.7983626023140307,0.9271558610403707,2.706587955810615,4.941946416907635,2.6652413093907232,4.6224700015621485,2.769642250204123,,,1.529179694739777,19.77406694246827,0.10169273305440825,0.1634264121698405,0.24194598503522233
2008-12-31,2.016421909470455,3.2312889854267506,2.4114067957596816,1.6288587864972761,3.019820004379917,0.6556153833852382,0.6858707242548181,1.261120433170001,0.6028365251598805,2.0548208114197535,2.9728997182902304,1.426561028689612,2.9961585683760954,1.5792883260908301,,,2.6454418097987262,21.459336733079912,0.09865212143094144,0.17924471499508082,0.19335244698362825
2009-01-31,1.5641843610721564,2.107736736718959,1.6868405906429438,1.194847718720513,2.7038323127129353,0.8480844336110975,1.1371417448201064,1.1285707668216907,0.8868786921862395,3.842508451710877,4.026781956236614,1.9489200671865317,3.231111134048827,2.31599445315234,,,2.7332890645604393,23.841630103413713,0.05639057275752168,0.3036700075824183,0.11104379697730025
2009-02-28,4.796942326517751,7.600065559800926,5.667903123681547,5.538475970864941,6.417103666142695,1.3718735168157812,1.4782935411627205,2.2139828586839894,1.8321029874971368,3.547851805029534,4.032045515929677,2.508099784954545,4.030122363490131,2.71445291124401,,,5.019219554039366,25.45762107969815,0.24918955349533464,1.075768514912491,0.7652364362156994
2009-03-31,1.4490370877396834,2.634647677570607,1.4994878272540608,1.9361421071404674,3.4946699772911667,2.0381892583097403,3.489634726523644,1.9171337251066591,2.7631813843817157,7.0953246727157575,8.737002734793398,4.870665393763583,7.54172796027449,5.501574699458794,,,4.547120798418824,28.902254143795638,0.07591705664589844,1.2986035516747338,0.3386029234388969
2009-04-30,0.5734081394695235,0.8863755487135092,0.641080952894683,0.7804959418127053,1.3913132155596621,1.4916987652981928,4.058392632598041,1.4387661361481119,2.691352193307473,6.795489029147734,13.137173837690957,7.091779311888418,11.061498533105322,7.817749510267943,,,3.3602351997313504,25.785659391762714,0.028483336552023526,0.29889828072976715,0.06529521892135862
2009-05-31,0.9223509920870626,1.3997020436881076,0.9370911150681439,0.8800625998781888,1.3693597663384591,1.891775850768174,3.7276581884013384,1.1987258538584495,1.9190123318361456,11.465853790191026,17.730513635190828,9.863760803355362,15.52323931485098,11.297587841528573,,,2.4909451327102494,23.570467234409502,0.02944380985987059,0.2137684190271092,0.0704436058240209
2009-06-30,0.35979926208205637,0.5694522696296852,0.44339112463011543,0.2990494087233774,0.7348390985354244,1.931606482285259,2.476331289800293,0.6594818881386441,0.8848940357189392,11.94909814559432,18.58291578811938,10.55465355226975,16.80181232934179,10.961744425886582,,,1.8437076991959847,21.21926487224896,0.010879505817113683,0.13040298055301136,0.017766422277451153
2009-07-31,0.0,0.013464054458238867,0.0,0.03843633557988764,0.04599248414044508,1.5748276230718907,1.1308835239041,0.19817357729395182,0.37472071773585436,13.586617502174834,24.306471817096615,12.097029707005765,21.0183017872197,13.351322078226,,,1.4148215201049097,19.197770825598194,0.0,0.09496236736884205,0.008570350599940515
2009-08-31,0.0014185837184325632,0.0677861729769224,0.0008345012992282368,0.06935727983392367,0.09317949118801636,1.2624242259330791,0.5446597857100574,0.1515715626851463,0.17629359100670863,12.199183258377003,20.553353991029613,10.74768717559379,18.548864338554118,11.64907431017672,,,1.173642796344019,18.15391269396919,0.0,0.07483701882270814,0.007304026970783178
2009-09-30,0.13931825254526473,0.14666743743058427,0.1656694431556414,0.2482711235886892,0.37263326584822715,0.9391578574745444,0.4199543254222454,0.22651174218030162,0.16918721485360017,10.397144768674583,16.51866527664179,8.34619561086585,15.011585000117137,9.396344843599314,,,1.0118465272530826,17.749261956222643,0.0,0.06297873300315138,0.008654052522069484
2009-10-31,2.1473265076836503,3.0098369700750625,2.4976400933135627,1.9502630236592107,3.433841916744808,0.8745565665474359,1.0778820451133753,2.170062343166682,0.7091661309654703,4.697462976216468,10.36920770908209,5.096846716075274,8.798946762793987,5.536496383193827,,,1.0616501608516267,18.97502271901316,0.11272926313262738,0.18707801103099436,0.2657374040650789
2009-11-30,0.48712496599700794,0.8731509547506304,0.5768286310208404,0.9043527223702399,1.8625530183218464,0.7514940810674376,0.8960451691003971,0.5424612181888019,0.5902016173939113,4.280702220393948,5.656277939382456,2.8018774188206668,4.983785060664343,3.043397779689523,,,1.0127788311467671,20.20825435994955,0.019781484334733302,0.12978879094192225,0.060143808604506584
2009-12-31,2.979403660276307,4.3146526670666265,3.37421283506796,2.8595840850857233,4.38645294906635,0.5571904249698633,0.7113401562905913,1.2983090312718728,0.7460540447160008,1.7765758868500174,2.9221338992954475,1.347938913719701,2.620662597040385,1.6006449085409762,,,3.115939488489713,21.979623621372447,0.1432717367556353,0.23517695930031984,0.25087424459372093
2010-01-31,5.832718774208038,8.05883624094426,6.348272931860981,6.674145059886889,7.4459406184051,0.6976696272750458,1.0431345972216441,1.650677777253767,1.422637635854021,1.7921592697512192,2.5974930025881466,1.7112264104058688,2.7599112981221947,1.5223154613488528,6.580007684769201,,6.288371292964744,26.39752735698352,0.47978517336644816,1.0276628196458448,0.7985378866560977
2010-02-28,3.6882980333784787,5.452388008235311,4.1646844914326255,4.2783836937194835,5.122820040588661,1.1248280138935898,1.5742649554116575,2.1376479428560695,1.8888638305188996,2.353140862809362,3.5359264415297735,2.358532760091935,3.552148408153434,2.358046085823672,6.471576573626048,,6.681070497045485,29.704816038977196,0.4648687574143052,1.2209712430431723,0.8866253117908585
2010-03-31,1.519297843942381,2.386313762572887,1.6666440182387137,1.8640281226589854,3.000609475763606,2.0064214668330704,3.6118984326790926,2.2640392563650953,3.237434591876781,5.736915630286584,7.67763519882012,4.749304131173808,6.944691140709377,4.837285325273154,5.535248740614076,,5.895172165450091,30.904828961930214,0.07666507480506675,1.3761457189257293,0.389582997356326
2010-04-30,3.407342066958472,5.082591220303445,3.8971539576737677,3.0730917287875124,4.779903252201117,1.959544633438447,4.091560279562181,3.5914195510671787,3.6104546480533743,5.856556412517255,9.310441515262916,6.057373446587989,8.518510923429991,5.88658455018686,3.916297907412203,,5.628091877759498,29.817976359553658,0.22210306838812466,1.0797857124932289,0.6000043318856476
2010-05-31,0.7354499423908046,1.2236539878083055,0.8191256302719218,0.5925896789926439,1.3471517260046253,2.193414994784862,4.587784022966775,1.9155824012606752,2.939722471436045,9.708497526418851,14.797932802686487,8.801425345674524,12.646820449553562,8.84908558295529,2.3557555995126305,,3.995745929472201,27.458862382677808,0.028792814876984374,0.4352986646566129,0.044757401713409334
2010-06-30,0.019176456607246144,0.09498677641648308,0.029089983358127416,0.1356063450167566,0.30679869165122736,2.2006353870079987,4.067695902775037,0.8590649567010198,2.073872105356337,12.419177138779082,20.160088610821667,11.372823805202367,16.949401553059406,11.696158819096022,2.1311544290989217,,2.632107503317634,24.19424831893788,0.0001401728488235294,0.20015764800137228,0.01289090860129829
2010-07-31,0.0005514792878258122,0.024052063988468843,0.0,0.03875917376916338,0.281707466153971,2.1058237638904758,2.032500132976957,0.42443967410992756,0.8125633099355969,13.326934614423571,23.209016720672484,11.94887111805546,19.833832833514123,12.650103878592855,0.9397016706854221,,1.8753808447608473,20.860604755236828,0.0,0.12358300331895783,0.00914571855326102
2010-08-31,0.003025981540640452,0.033282443921093606,0.002067297974858582,0.07025641832043435,0.10055996085144996,1.7934268812792622,0.7453285784627489,0.2624566872490704,0.286235829369738,12.091460764618624,20.251715623646355,10.525487401714315,17.79524869281795,11.087370039175894,0.716295735752342,,1.482823787883018,19.172107917715707,0.0,0.09277640023678778,0.007677368667563707
2010-09-30,0.08140515937021635,0.07917666324562124,0.11080975519125755,0.22953106666962797,0.2721792824207231,1.257486141209181,0.49441408033109724,0.2965257013427031,0.18433888538701004,9.62327672571831,15.142957257074746,8.16725854302819,13.854034075709537,8.691170838581531,0.7145985734643423,,1.2407186824449004,18.552563386257052,0.005618051098407841,0.07667933488881533,0.007910984599558822
2010-10-31,1.8694397130523626,2.924079585712552,2.0154551024214267,1.8917378753816272,3.2442028359943786,0.778604319963906,0.7844982475486602,1.9137509909650758,0.519865315920438,4.583566840736243,8.906944226386726,5.053232916063142,8.799946395842753,5.09648646629314,1.4103751396432211,,1.2401994448193256,18.987484098415084,0.09563646826045567,0.17009012831742465,0.12775675921504304
2010-11-30,2.5029032390201253,3.93807934684995,2.8359787996837436,2.511942342290092,3.9699797617107424,0.8508530093425966,0.9052861727810703,1.9507440479551976,0.9519676319029853,3.805538902802124,4.441188895163843,2.6933521937510783,4.384567118899,2.677001267961466,3.675720414464393,,2.1545334193095784,21.81661146433224,0.11908277760416901,0.3672276240439949,0.2933812633309545
2010-12-31,7.605533733585858,10.48182320656964,8.28363083222316,6.960642256036198,9.841574590211527,0.6711659730726229,0.6778901914853108,1.7413651430164863,1.2014265586561443,1.4295346686750252,2.016437524221476,1.7413651430164863,2.4242595448183932,1.5506529305508467,6.520988287917346,,6.452916699401436,26.58053500559447,0.31969823259729524,1.4646327772007943,0.8006295819317867
2011-01-31,1.9034855795763919,1.993542911068083,1.9213451658584206,2.174853111508222,3.3350412151930624,0.9674124649421988,1.0956625797154158,1.3709407586429223,1.5155493289649165,2.4861578848978345,2.634327504161427,1.6614019224113599,2.4836871170625345,1.711434971930519,7.26088209241848,,6.501498081510903,32.03312645074558,0.10054554905267073,1.9735334542385217,0.34057668856336776
2011-02-28,3.069764480156781,4.529595642513092,3.4450784939706054,2.6075615729642996,4.523382398656759,1.4055116557050906,1.9554587535496624,2.3668913940940555,1.9542178421937393,3.868730797064701,4.468795030567886,2.664135084462351,4.06536220604822,2.743486621663407,5.717975713048977,,6.880702937136188,31.63561944510082,0.2584856961987249,1.248753854741822,0.5546627744775114
2011-03-31,6.390793559306383,8.812357502151777,6.602565100780325,6.122265499384841,8.132775414711407,2.0999590321325265,2.912762637426244,3.648302971898286,2.8386424961280396,4.878018488756209,5.429739807377437,4.232355601240265,5.411911996724284,4.129596413076646,6.630818921263377,,7.409913953093271,33.72634560997422,0.8234245979671766,3.75238686248348,1.2867508611021727
2011-04-30,0.41780002977012415,1.149689450263858,0.41410234937673257,0.76655727606993,1.565875177908477,1.885259113103687,4.645402374247242,2.279551346027435,3.9810109759627226,5.301199956574532,10.605617525873196,6.495017250420192,8.640624129144154,6.152412279868487,4.0922322144667005,,5.444465306983405,32.05452916820553,0.018592626660529347,1.3752232612620323,0.11075139298367631
2011-05-31,1.3315900681384245,1.650394702637226,1.5535688239974932,0.8718464668569463,1.5371149232840677,2.1951176664698404,4.485895982344571,2.1532225820427033,3.0977953374033254,9.53292709765984,15.054915201125588,8.891376787537663,12.209533237025838,8.584990305228303,2.045205597985402,,3.94335280098806,28.117855103412424,0.036401693616219664,0.4294480753086159,0.09744079671993248
2011-06-30,1.6084407630948077,1.8355706207424536,1.6416639174042844,0.33940274147277183,1.588741244267405,2.3782490891405934,4.224976290587125,1.2209980295380511,2.3671134174212827,11.974428480246168,17.012790969483113,10.234356636564941,14.076706378900992,9.57916751745978,2.1372127345917487,,2.767486088586341,25.78637919977473,0.01083168866083917,0.2898772184011285,0.025457373545108103
2011-07-31,0.006548779426269243,0.06823750466023101,0.004209324749597456,0.0390708850432579,0.0861613562915408,2.4707370482953923,2.5434001992431527,0.4952106364488464,1.1157818821584744,13.174463644593859,21.11567424523571,11.672920983973682,18.04746156037,11.373678290207138,1.3093767283488436,,1.973813976724982,22.236007542925208,0.0,0.1676969151345025,0.009811541471299413
2011-08-31,0.003261069764401818,0.0497258441772558,0.0,0.06747341126877007,0.06751634365981644,1.9911715160550056,0.9455476063347654,0.28697281406514913,0.3756860708680687,12.358978059114733,20.59200701978523,10.729628154615446,17.667649898861548,10.990879775507937,0.7687584843498791,,1.5555070649833913,20.13869002725017,0.0,0.12243872153701411,0.008089605517401484
2011-09-30,0.021445077824062252,0.17000928631485349,0.02882595049865435,0.21074516538069193,0.20632331181883354,1.2583012814989318,0.4656348415007054,0.2505055072352642,0.21602175744304833,9.561214901286228,15.923997658906003,8.181320357757743,14.4962992682582,9.09889058399723,0.6715687769670273,,1.2981553669601884,19.19856168689894,0.0,0.09738654021219226,0.007874613158712438
2011-10-31,1.4704307068867968,1.708917906850539,1.4848902895588563,1.2918784378915025,1.9615753316365416,0.8384191233388061,1.0825418274981384,1.4762667025549805,0.7221146722812777,5.658364427895759,9.618419941917228,5.1298822470557415,7.99506040889268,4.678811699404694,1.280586426592026,,1.1795598000754448,19.831633391869598,0.07444902864113324,0.12596956082251004,0.13189339530591088
2011-11-30,1.4529774930329102,2.7964585845932124,1.8226897053201405,1.9307874400512852,2.9370396869992246,0.7456582518280184,0.7112058706216708,1.4702794429768675,0.7594489297340279,3.852816034563427,5.2609513224907305,2.522281065739305,4.4382021439752375,2.6351472535620193,2.287241454517497,,1.476218737338328,20.76875470624061,0.08084966161385483,0.22809368408146546,0.12078019616914379
2011-12-31,0.11587494878601444,1.3429989942982645,0.12418639355031928,0.49692207386506226,1.0541128142154252,0.4235857270913343,0.6012255153581436,0.3182221422500309,0.48856084766800506,2.4510192820424823,4.772623721925584,1.7026929995953042,3.5450884988482803,2.1647853695866774,2.166266426926065,,1.370537895862513,21.580650521952737,0.002929363224839205,0.14404265147829673,0.025157025301803804
2012-01-31,2.6245178859851443,4.51417516963396,2.8839152695249237,3.24075158121926,4.39243639163412,0.4798174405516396,1.0171952476054373,1.5412178907062974,0.9473250635113932,2.523814968073156,4.458532903682325,2.0018372650662957,3.5619664255439445,2.2928628986867072,2.8144781836232466,,2.999765355520803,23.082778033345427,0.13752442452534158,0.5081197218420204,0.33443660033609607
2012-02-29,0.8587683585542875,2.51095179087192,1.1578439773340528,1.4761509499979675,2.3738632842410774,0.9019294334373562,1.7783019559356938,1.1574726384461123,1.6654685081128386,3.6225122070231097,5.856198092228693,2.8178949280997436,5.121385958083622,3.542795440159491,3.448139264053695,,2.9199941321872567,25.35855082398535,0.054045479098768875,0.3993864652750449,0.09597698500570949
2012-03-31,4.148681423968141,5.181669570054875,4.604861431780337,4.340270412592004,5.77557720055142,1.3603857237155264,2.7462051435015526,2.9726859917270687,2.243831998193637,4.995120901053079,7.571380328117243,4.4831151786025805,6.752870206562885,4.684037529700469,3.5020550541622066,,3.6988294759612743,26.47754941028773,0.23092872411795679,0.9799308509083516,0.5143232132205577
2012-04-30,3.0597153589990964,3.167095242393805,2.7488417140692647,2.589488168168691,3.0959652960453785,2.451690634082584,3.9836227935415676,2.9578589104637234,3.3061678269220725,9.113738734968198,10.902598886286931,6.792552795404025,10.00226338373849,7.147102580927081,3.911109180187055,,3.427362428028888,27.164221124782802,0.13446970295302327,0.8136306909912914,0.33617803801320234
2012-05-31,0.03146304910890859,0.32838248265329006,0.07149742517277718,0.2507029328649039,0.23063746681137018,1.4871638734034636,3.8320649337661536,0.6251014752321108,2.2373520920862817,9.00022948703122,18.231225625597528,10.293952857362498,16.143378353139987,11.662481767282056,1.9333670083749466,,2.3521906671451354,24.45430375478777,0.004004425335266659,0.2764447771760955,0.016253349753490152
2012-06-30,0.10160787703928376,0.21968416126522747,0.14232463593989939,0.1649096821110907,0.2808950691252991,1.8903009020691106,2.2645125559222032,0.38833697172542386,1.0275165970384799,13.216904513913722,20.882260773025088,11.42284440744063,18.754109274004037,12.82184044701286,1.5491830070390358,,1.6941071617891392,21.460220995676615,0.002326091118070589,0.12470838925260207,0.012976821560310617
2012-07-31,0.0026536081748492757,0.052674928971364776,0.0011851072937169409,0.03941603191131002,0.060161193054948686,1.8462157780339352,1.1337162604453521,0.21132254196719785,0.404024678973647,13.283940844364805,21.611834518558247,11.868840934078904,20.203351703858406,12.808956243081203,1.4867782403582885,,1.314056031185418,19.465153942725543,0.0,0.08792916711592536,0.008154010870843189
2012-08-31,0.0010005698999130943,0.05889455320622448,6.219852231369105e-05,0.06880562347451528,0.10088573697722285,1.2548365403385604,0.5945964976061174,0.13395667318860285,0.205205882639751,12.599348905527428,21.406219428988475,10.956693145417752,19.603009712479565,12.810644147208487,1.0131942876454865,,1.095587467871172,18.38583410854332,0.0,0.07143330027020377,0.007077714046945614
2012-09-30,0.004198832350544807,0.09780369070605767,0.003574613729112652,0.20276743850122356,0.12741656454078734,1.0584630063372167,0.2977984120272236,0.11212888222441236,0.1417218251954784,10.476742716169674,16.45332747005557,8.037574022153638,14.697506170359274,9.432424789942353,0.7938491274117346,,0.949775224238883,17.86105173017399,0.0,0.059410869875319745,0.00659198052609014
2012-10-31,0.6320730351342339,0.9514695300397263,0.9072032845586967,0.8940654091583858,1.0378522396023495,0.9952549669715706,0.39559238770733224,0.8131087534644625,0.2874804675520061,6.560474465998888,10.305512346777755,5.365850397313082,9.232258373969522,5.82423261542804,1.0881388693516596,,0.8508422134053145,17.84159733465583,0.03310280987555684,0.08230108068144412,0.04002063618695137
2012-11-30,2.8385866807621967,4.544747970869021,3.6849633224290224,3.3369913686890174,5.096875042849136,0.5916597695504276,0.5612991003225014,1.9269908468938997,0.6387493015620946,2.337825710387209,4.9771042501316805,2.6936093764954756,4.630714527818435,2.7987691651026205,2.678602915437968,,2.904830334781641,18.840127451070927,0.1686559055718704,0.4665821754667016,0.17498693804608614
2012-12-31,6.113298965126217,6.721384967226158,6.016867995382687,5.462435486000405,6.806345664463498,0.8103458108779908,1.028768447354422,1.458081139397137,1.272780037131331,1.8032319814894713,2.9816242966694024,1.493322713544531,2.3575598049984494,1.3084210731323291,6.406796626411439,,6.378673458161946,25.337041626297534,0.695248911751234,1.3015374481727664,1.076352848031245
2013-01-31,1.102080154991773,2.5875745143702393,1.204611564216983,1.7528061275120808,2.021967078960624,0.8487567915515056,1.1153781870445971,0.966133363242895,1.3756179697709847,2.5836297644913704,3.5168242162854755,1.7734685120475344,2.8079886995730323,1.8388855800640789,6.185831624145289,,6.142056790996631,27.49171998207175,0.05479081882581975,0.9326330636523518,0.23550729060864242
2013-02-28,0.5618416452023807,1.816391332987777,0.7063385635847379,0.8578410236577129,1.2582011211219908,1.2597046717820135,1.8540013450258612,1.1811742371925356,1.905590200898428,4.142853655804949,5.551016130571263,2.676405207076684,4.423614281503971,3.037740605048408,4.710406990458381,,5.553340685817576,27.54585320260953,0.04245970064444305,0.4582189778702956,0.08578961669605814
2013-03-31,1.2327937771319006,2.413459142972336,1.5585384632740327,1.9218865865165522,2.4536410202516943,1.762931497086249,3.375535035356345,1.7792425472791777,2.7190387423260214,5.984293848502862,9.275525135744857,5.0359224796591295,7.363126742891699,5.350236628247241,3.464787054339776,,4.6681099212386385,26.307199149787646,0.050139775397608194,0.31817944095176337,0.09817634129576241
2013-04-30,0.619642698968083,1.2341301837697367,0.5218006882963973,0.7766727877830396,1.1623430685961904,1.6211244855233986,4.150362901193529,1.620973518947452,2.9428223599966388,7.891585740715323,15.109556226545124,7.75682824515287,11.745911438895583,8.634086689353248,2.5728647380549567,,3.4565173234057536,24.85454144510153,0.02600145090115689,0.24917485241581222,0.13212083278728914
2013-05-31,0.27220048463041036,0.457315091443124,0.32176714285629876,0.4286850412755807,0.4922326506882825,1.7885475964914659,2.668474573595403,0.8953653625720243,1.4343504076884068,11.716699634223737,20.058491661453754,9.985408710558147,15.68936341293232,11.430408127735154,1.639574670092465,,2.471838464082322,21.55977984227056,0.005768388520572548,0.12984459331104217,0.019448769346545096
2013-06-30,0.2315242902693738,0.37137010744118737,0.24589505523047958,0.23615513585853737,0.34824925988708055,1.7547497400712437,1.4234361171045993,0.49779944094985507,0.6912895359793738,13.106153767104912,21.941178393129306,11.429862733487061,18.593889797315782,13.043847099405358,2.3230432775508723,,1.8046345644172548,19.617897674734913,0.002018081974513729,0.09438226306739153,0.014487067504966984
2013-07-31,0.005872368149695056,0.05359497676938695,0.008272813662024958,0.044579639769427255,0.07498667905575038,1.8261017954595524,0.7654600780421287,0.23445575126555707,0.3055251350207776,13.226233087001,23.918975351163365,12.158640200268488,20.83396258356008,13.445763301233258,1.3165742554904678,,1.4181343300170293,18.376172044180272,0.0,0.07686762733177846,0.008846791835584218
2013-08-31,0.008225518268371233,0.06259376932884236,0.004255131758115846,0.07691621611778338,0.14240376323327952,1.7134651756755652,0.4639516391408742,0.21048605261315914,0.14993759212469412,11.939807039030182,20.68674210677271,10.622008611661226,18.541385796035662,11.447783584661481,0.8590182008929302,,1.1880550983651892,17.629247907701952,0.0,0.06344287606019947,0.007460617298940309
2013-09-30,0.4231457609257891,0.4991672179281792,0.5004620006291521,0.4366226821082529,0.6290771354712276,1.1499001499053645,0.4130538514294403,0.46234193109552957,0.15054476994645424,9.90839822530744,15.666284986895826,8.129085248340633,14.363861399523953,8.814906315970035,0.8818654756438699,,1.0305811733740926,17.377248144487773,0.015221173340984339,0.06264893202552405,0.011023362559973118
2013-10-31,0.04606915497161418,0.37286004576849857,0.027728384516929983,0.4783956334066824,0.45172902151772804,0.5799786339841286,0.4556961129964866,0.1994166274348453,0.5125942524901347,5.748904336874658,11.150964063120556,5.157153216270995,9.643939637518132,5.913447139643849,0.9012176870905229,,0.9103166104812925,17.527402818043555,0.0,0.055659186876013726,0.023465665599344775
2013-11-30,1.0216496619336173,2.2127169372656694,1.0792569311085214,1.1841869550614115,1.736721053789603,0.43808267280356433,0.5447228591627353,1.0780412794741943,0.507138279945994,3.9254622607406797,6.182802725272587,2.7562772964525863,5.56100936419808,3.435636737110623,1.591128215680792,,0.9459359295913663,17.94833987607953,0.053501240663968955,0.0816157903494886,0.07708454018352359
2013-12-31,0.3117668764792633,1.3757524096507583,0.3569027976190482,0.5343435545367027,1.2517659702095372,0.30360922386359795,0.5485913916102031,0.4338084046908971,0.4742055802246768,2.1776086726518886,4.056311677278134,1.7138369581539825,3.6347459577602548,2.2275318754428723,2.227890882540342,,0.9266378435238651,18.78759884846526,0.018089758340670736,0.07625564633417747,0.03292438717274969
2014-01-31,0.31402148569143995,1.8265341115741422,0.32073468860758503,0.9250732202369113,1.4711320868210076,0.2652609777638411,0.8218017290087379,0.4075202713601207,0.5883189220804503,2.238825573015,4.880024798444418,2.269865141205386,4.6619693795017065,3.2496950328122067,1.7685034145136398,,0.8732001679219451,19.453027006815784,0.009422893620050946,0.08882859031555143,0.039353241662835346
2014-02-28,3.4643940662629547,6.641799932876812,4.41770236129348,4.430729366723341,5.923458608799143,0.5995248405377369,1.6154430201869994,2.3644743604993725,1.51040444496858,2.3024862529150987,5.2092168565323895,2.814381903221066,4.999444467320274,3.2981133286561404,4.026603287395958,,2.8649898879975906,21.73676640320126,0.18673170521621485,0.5295516112858292,0.43130178256061213
2014-03-31,2.8225963073834177,3.299619875195412,2.603718955071796,3.4385375668347264,3.722425538612613,1.6758029307641962,3.2565455318289906,1.7902977752036526,2.8102670929088376,6.8740566094739375,9.127642581820881,5.147780027386357,8.584189550388833,5.864656510072428,4.624114979266245,,2.72323105630971,24.31885117955278,0.08910150205505933,0.4776308678627781,0.34862007635644865
2014-04-30,1.3400681859122372,1.5977736528582183,1.08721156401902,1.4413671272166948,1.4813040955998746,1.6599961093646054,3.711400266867041,1.5630035996041576,2.816067232621502,7.375073598738372,12.922021432894192,7.41846885953804,12.103937128109964,8.290159845801133,3.163983279812347,,2.226652005564336,23.33695026647432,0.06596218060191777,0.3353224058946021,0.17567070374269997
2014-05-31,0.10560691204664974,0.43152145664135566,0.09721805261102932,0.32566141111532315,0.35712628822982845,1.7249951865396909,2.755376405466579,0.3411054750274967,1.522949074493354,11.932392044004217,20.156801428505894,10.584929607515035,17.207289110287228,11.91710072745601,1.4945905401319173,,1.6606555989144596,20.780745730149597,0.0019373711720588258,0.13345597474888798,0.014447525047285616
2014-06-30,0.0017916917058411097,0.06578032772933702,0.00020824036482912204,0.13391801482750856,0.12146301153061728,1.543211473613375,1.2672548565121202,0.17204413411390426,0.606161077609779,13.61057469857611,22.92875344435283,11.910387722375473,20.21368130664524,13.5504845324476,0.992567415187294,,1.2907905113931295,18.738773613309004,0.0,0.07847535702268582,0.010702453912176038
2014-07-31,0.004924440840748315,0.04153198926333661,0.006333101229665143,0.04335934812730835,0.05723014540255778,1.3047923369558496,0.6202123013799594,0.11100182083227274,0.2502870357414167,12.975299796560298,23.506482121593216,12.164223078931169,20.729234051860868,13.07299148915644,0.8986903741988936,,1.0690226681843953,17.64693105551233,0.0,0.06040614190703863,0.008329794563965138
2014-08-31,0.04657161667108903,0.1381092206655773,0.0548987356837809,0.1000935381956032,0.2291978244465831,1.5582100918218236,0.4893793442149956,0.152123509150407,0.1832228617229352,11.889536704948979,20.241117049665572,10.56341594314974,18.548668287391536,11.381841486802836,0.8225089630827878,,0.9239101415990212,17.14031959862574,0.0007084828880274513,0.05060279531119528,0.007473669598279855
2014-09-30,0.46482839534010717,0.754373766487905,0.4711744183545448,0.38435356963823736,0.59390840011158,1.0046255430183526,0.3906669496673695,0.6454051201977012,0.24984703466916214,10.200725950062441,15.800539228309695,8.205982156833654,14.533383739551631,9.016185908025001,0.8845674197088251,,0.821212552370698,16.92522718535518,0.02416221797678436,0.05547828138781073,0.010999007974276723
2014-10-31,0.21242423917848668,1.2658253671317137,1.0808248384867702,0.8018004532735509,1.266067677847505,0.600866263511202,0.6485600169899721,0.9630944644447011,0.33966055852621646,5.362758010800466,11.392346040170723,5.627985362615744,10.346281788053654,6.593215935627742,1.3207820927547054,,0.7516353033063405,17.315392352529916,0.04845061548341589,0.09675773117803418,0.032057384863510396
2014-11-30,1.9577491365543087,2.7856358847794462,1.65810130391697,2.162147720709186,2.792380785683682,0.7696184221610441,0.7061828222523128,1.290900772577117,0.7372044209499841,3.6411799432351275,4.97581437425103,2.674342082578536,4.974663856163686,2.8030373979112895,2.8241482039878827,,1.0318872215564048,18.941554264343207,0.06799162082758071,0.16523370495514966,0.11272552842233004
2014-12-31,7.31321636740189,9.615338048651925,7.960930420133453,6.929600187028445,8.279511977200572,0.720381887231028,1.0185243353008344,1.8972094803476438,1.40489844734667,1.5939651028978647,3.3027592405616772,1.902481025288801,2.8611598113171706,1.5942015668487377,6.629186461894234,,6.239385606983278,24.669058430785427,0.545420493290681,1.504721551518535,0.9847108362929755
2015-01-31,0.17414145384777943,1.8524625927438618,0.2042829296242603,0.7553492227766067,1.430601725101322,0.7120543565563505,1.0821117766141701,0.774733525578879,1.127603483080169,1.9874988257461785,3.601309449583288,1.8766257665046124,3.3521538649183493,1.9170165990067274,4.968064616487042,,5.59996403496197,26.287554426770804,0.003515470255870578,0.5242232728572842,0.07446570387093786
2015-02-28,2.1574753294864926,3.624050021003229,2.403162086515413,2.4865969372412273,3.161108112234753,1.6074847540281139,2.1340465623939644,1.9347527591071951,2.250268102644322,4.534160951674926,5.769008256739995,3.0667513512430467,4.645623533108516,3.156053061528034,4.697743328926633,,5.570968038650982,27.54096737333107,0.11201872947051422,0.9255481287603462,0.6632037867810987
2015-03-31,0.3371230286849313,1.3705547856333602,0.3394689460156703,1.1859322926853355,1.438231598707664,1.9335895941666184,3.572833506624329,1.4833838925501888,2.8132264384007653,7.659043641942153,10.129215769366848,5.602559299009003,8.385191619687784,6.1237582977702605,2.9024173818547743,,4.181484674464025,25.98769665511891,0.011098811350243099,0.35611248647543237,0.08364653517394813
2015-04-30,1.2242688397427157,1.891105723660508,1.3179055007589955,1.334474121246022,2.0329398488415134,1.435302044039913,3.857473466796495,2.416301397691542,2.6857946256434944,7.1884934887937675,14.509429457567729,7.343664013038516,11.527620230601066,8.22948945531402,1.993925899064617,2.2673250244715875,3.468467778174895,23.529941411994137,0.08637222771730596,0.21949335367499775,0.12079894189536822
2015-05-31,0.3743760048110446,0.7110187026554948,0.4278099030542717,0.4236097708139222,0.578718744558068,1.8397362337325642,2.7024093486164884,0.9209013014965193,1.4870927531385716,10.440337903844366,17.246464325925928,9.044789515101916,14.669481093786416,9.719291750709347,1.3150616187864284,1.1721713171139778,2.572128018607486,21.3786734074893,0.005895275051800011,0.13325101566572287,0.02293610606363055
2015-06-30,0.07765584913839094,0.22746809727254103,0.0541480562522049,0.17863819138037018,0.28608551248012964,1.5381568708765003,1.5924862328617884,0.4690216317225261,0.7420626286227511,13.082103466726794,22.51110537785273,11.57802894910115,19.30052280638285,12.855593524449246,0.9577129291246791,0.7481216431878379,1.8498178926487592,19.43350233827566,0.0,0.08638663715637203,0.013807875134694187
2015-07-31,0.16003123549877507,0.258114496610708,0.13346912282120485,0.06875627425139305,0.45075837506809485,1.94666870801234,0.9837445010325757,0.2544973548992505,0.3183757603453764,12.752082919393864,22.48688038598834,11.993031701821879,20.140939045956554,12.254267198647776,0.8636148141612786,0.7092818744519331,1.4512887192387265,18.139916996393644,0.0003285407016705882,0.0692635933786042,0.009307479911549638
2015-08-31,0.007708254040327486,0.06485236995222642,0.004631861997028216,0.08296500006722689,0.1400361394602162,1.3822761025605266,0.5069345153859852,0.18247032612585176,0.17665724801101773,11.756093727600247,20.738460860420677,11.032552736224265,18.86248972704812,11.774314784058848,0.6572307497443597,0.6401560169833742,1.2128407060817321,17.415622941174778,0.0,0.05660903590541954,0.007913934703917613
2015-09-30,0.10136355584127509,0.2854924064690809,0.14429786403883857,0.27995786478086937,0.32011300846822066,0.8476906964623411,0.283958148799711,0.31670136760948303,0.13264165002260597,9.894342389156662,16.122334010160074,8.11886899665337,14.38768374740829,8.997344175922457,0.6885447544604508,0.703156030406699,1.050674106300135,17.04601247044851,0.0004869834139333333,0.04735330829666208,0.007577689911098
2015-10-31,0.5251508432872929,0.7634994950580077,0.5529809143758295,0.8419863772305994,0.8675662784533047,0.5599577539757578,0.5415040631666517,0.652779506595921,0.5225232776384797,5.921355933707458,10.435647748588385,5.420190950522744,10.048385590364255,6.130272952486104,0.7397411566389454,0.6680358183906164,0.9403734829497726,17.148143217744,0.02688692934238039,0.04911005880114612,0.03631035398100545
2015-11-30,2.2376130093303774,3.1766007207970075,2.3130457942900384,1.6881322865932051,2.9191678083451014,0.7256363622478906,0.7856669208914707,1.9406820505896565,0.8361257832792809,3.8125125862128226,5.253269300394608,2.6017413590822906,4.5146911904090095,2.6427364687374593,2.33079317171861,1.927460733305298,2.2159393911848158,18.924903949957653,0.13038523501014132,0.12458228148024572,0.14844796381054873
2015-12-31,2.851240951599709,4.190630512363185,3.1188204840437206,3.69907452913107,4.843637273086646,0.7110615381246659,0.7026122328697927,1.4544312255138578,0.9400400175710436,1.8702265504312419,3.2867144224222407,1.6083229224220827,2.782675282398071,1.754706931925938,4.136447805524618,3.8967499723035597,4.500081771769374,21.500665900164684,0.17484222304088978,0.3137231439889253,0.30614649840614744
2016-01-31,6.148519173056187,8.715124875601687,7.168012255851473,7.286768722009712,6.557225096551825,0.8300390422878761,1.0704696067468153,1.6202299002659326,1.4252854211858845,1.7099913697870959,2.9984595994073815,1.6242864822246066,2.5183449155826634,1.8316238933426072,6.641447251606071,6.753549790822223,7.197241889882354,26.89673597943736,0.9564252494003728,1.2976051749719835,1.0479102989277507
2016-02-29,1.0811527092195572,1.8382252589661854,0.644870533124948,1.244463514855805,5.094214172488449,1.3826240253797586,1.781135498163602,1.5105686747448517,2.4287071158145426,4.169902988883228,5.588204335957269,3.157678074419637,4.470223727547011,3.3528625582644875,5.53571197259989,6.414623242314075,6.408448806703987,28.582568166961906,0.03383600116406269,0.782691028224591,0.2354533381983074
2016-03-31,4.91550811437199,6.4395251546528405,5.222645337158219,5.309026829057616,6.852051445775581,2.28690192244893,3.2369150337682546,3.4329050705869535,3.4533686531924825,6.320626568916885,8.220061246309884,4.908067033834423,6.688921827507582,4.870011478815558,5.68955651325179,6.231716482724724,6.9207637981625725,29.554473940828558,0.7836020831610464,1.8609008785639451,1.3261419372953995
2016-04-30,1.5811601284187127,2.7061450065552877,1.7479946267749964,1.4831323140687334,2.223532229770087,2.339876515569435,4.0144235015230745,2.869714520728309,3.8885285958603326,8.479858764598207,13.004635815571536,7.23416459009529,10.092957855962757,7.39484855667808,3.0754665461217083,3.769222385330666,5.405224713672583,27.181099440966115,0.06989687753146283,0.48139002325602864,0.15665690822190823
2016-05-31,0.6307645843335253,0.8616371149142691,0.7079699144223633,0.6698589164835962,0.8764548996469717,1.6771356952995997,3.376509616303692,1.9234692753559979,2.719407608970763,8.382793072282848,16.719710841777804,9.277065976175566,13.821243057088559,9.88542980381045,1.9225382189041933,1.9272910177609142,3.8012691139748647,24.658401379151755,0.01940824377538824,0.2202110729044739,0.039199837958591555
2016-06-30,0.16863209359461168,0.400097325218734,0.16640415382776233,0.21119161945040443,0.26890714082628797,1.6220588828190377,2.2095293426659732,0.9087953295705117,1.568797223379481,13.386501030385917,22.11174979888011,12.112234143198922,18.073296889389777,12.412983952320733,1.4495881334467786,1.133662650747142,2.495593438632458,21.747911915952738,0.0013229881479686282,0.12001694925809422,0.01736585488981336
2016-07-31,0.0017705706808599133,0.025834173327627004,3.7158378169065716e-05,0.041661903696116866,0.054630142025866954,1.523822354388507,1.0312826062231677,0.4053356018167548,0.5201266366461127,13.65774822184398,23.363177536874126,12.514938996377218,20.210539137405956,12.998454482840543,0.9440598866211907,0.798188245711905,1.8210809750837207,19.553250212110612,0.0,0.0863318383600362,0.00882461350226427
2016-08-31,2.062482964908933e-05,0.03795244428624914,0.0,0.07464765412014775,0.08808420819980899,1.3760729833585756,0.5135273139010408,0.25564169646929485,0.22551186987030958,12.13690838585424,20.49412623080342,10.976746923647898,18.70417132054359,11.505913536565616,0.7478718724257215,0.6394444216448497,1.4613606443469804,18.307562628154106,0.0,0.06950271553727039,0.007534990568085942
2016-09-30,0.0008850191653565552,0.09625633551959277,0.0,0.1952433726486685,0.10571518130599418,0.9537246928208997,0.22389384704608933,0.19685715373982363,0.1169487074860963,10.064853716149694,15.877362618171375,8.55212848134525,14.376264208227903,8.927605574073887,0.6593738175007505,0.6348008456526326,1.232818136610535,17.732294129785117,0.0,0.057707718837711315,0.006842831935554307
2016-10-31,2.720765785572791,3.739269650620637,3.140484862045485,2.8971070825803946,4.83075967807967,1.0175036874330134,0.5641571680903008,3.2795156971210475,0.609703814582393,6.20112938906603,9.495298621504192,5.163644336464053,8.44451515453369,4.911527304376323,1.6453644698330314,1.5339681699156604,2.2147218138389086,18.475802742676365,0.18766707326199317,0.1329349175145936,0.3017732828906095
2016-11-30,1.900545823181068,3.3964458939781372,2.0623712090946973,1.5904115627666742,3.044840952923329,0.6825058564017449,0.688039147877582,1.8038359783325493,0.955929016786527,2.6071252541048744,4.672580570448035,2.5772935720525236,4.382367628410144,2.571012599108416,3.8161300128637343,3.590797416591391,2.9522087713229808,21.58148703215828,0.11412209559803571,0.3261954591341626,0.17085325181121677
2016-12-31,3.380311611345456,5.422844434491013,3.872655795463064,3.0511369980692953,5.356717905129117,0.7903286504325022,0.707703983433343,1.5121256696719239,0.8854614046019237,1.8424059505549626,2.999814953266451,1.519958360351907,2.6660902443489896,1.699859168251095,5.501277482133946,5.155148901853668,5.341214333340411,24.839232409478207,0.20821056498821114,0.7687998469386115,0.3649232763535303
2017-01-31,9.039388681258652,11.517720561855546,9.617393714643537,9.019522870030569,11.35372539866396,0.9933001267419197,1.2893114003701052,1.6265692573465576,1.6589022268809588,2.0100065332152024,2.905594531294302,1.6266038382650734,2.3413517038145253,1.9337723559472255,7.675195714307449,7.524237400756977,9.007467107482604,30.765402196633232,3.8683592276949677,3.6316923081956016,1.78272105536095
2017-02-28,6.586260091845945,10.531604159806303,7.494869687939653,7.250038493823165,9.547443207532254,1.480827029374538,2.0157197931571402,2.3314198860727573,2.611495784434823,3.0241470636434227,4.094950934923351,2.3314198860727573,3.1660345198639037,2.471036038906631,7.894302280176969,7.983580627568319,9.158865247856438,33.94499165716031,5.300059521991396,5.393177109555967,2.898223699702382
2017-03-31,2.1478221688987746,3.353909948392552,2.413388980284985,2.606571675082048,3.396610496650818,2.5566824257538254,3.404562295687921,3.681528286412108,3.5880253397941755,6.434051323002504,7.878014098291413,4.900953592404142,6.323627390064219,4.868351936319697,5.768563476373653,6.420132076316802,7.686045242614564,31.91840140889496,0.18305264828407156,1.9223656529581645,0.5181231682468241
2017-04-30,2.200320336990312,3.689158574809446,2.430275582405445,2.5081027823106243,3.880554585340203,1.9991353383148152,4.2200367417190385,3.81371274280719,4.553912556483221,5.874564954159383,11.382703015183598,6.657163317880363,8.646377161207749,6.664503964868857,4.427170662891127,5.404083903623974,6.644054113852236,30.399141611832967,0.13496167367176087,1.0969397119024562,0.4193704296578145
2017-05-31,0.18090515812159474,0.44504771801351,0.22435023970885795,0.3792908380321667,0.48641546802255825,2.323158956115284,3.9459321464685306,2.6159104395135677,3.643056328743832,11.253689920545076,17.60850657208107,9.967147603659795,13.701664168419882,9.967180289800822,1.9078453748744575,2.332795957331163,4.2989941679854935,26.454105649044187,0.0013220359046549027,0.3535443776700249,0.023738425455445612
2017-06-30,0.2140192016274109,0.21179742628929205,0.21840974828622797,0.21465469154207423,5.67138234565469,1.823193157744083,2.696057820607648,1.4027115059922588,2.4093530147239206,13.126983046390944,21.044801244990577,11.823851543784118,17.017105804961677,12.142387092431715,1.2075818588682865,0.9307605232336509,2.7941499216996397,23.01763324318116,0.0060630763048941175,0.16461266271281275,0.021921873170754853
2017-07-31,0.0,0.018734900031949237,0.0,0.04159710435942974,1.2542626737461369,1.0640316036539084,1.3529525159231444,0.5830312409318752,0.9409338878086277,13.755114003574349,23.757869411895207,12.859907131855127,20.315564303818416,13.429762717401331,0.821623583134168,0.6465165266621911,1.9968151467750903,20.377719776977795,0.0,0.11996062411945423,0.009726803697996693
2017-08-31,0.004612346214265653,0.056758729423875415,0.00011707310527813594,0.08064830257758351,0.11451665279306396,1.2380219536588526,0.772683856753954,0.4720272599207005,0.3297099846004334,12.260389522624008,19.778366789557133,10.732927919316111,19.33979627282513,11.660511325608477,0.7104078788254508,0.6352075226879663,1.5854335307864342,19.061015522962897,0.00042049483311372557,0.09888268620868647,0.00816938985868052
2017-09-30,0.18434165944138445,0.20582802766250252,0.14543918166028605,0.28988134680537814,0.29244585674115126,1.1937753135770197,0.5955751645783282,0.7426220397042256,0.25283113025068266,9.68188405250409,14.944364182757782,8.21247862569282,14.431471060700195,8.64925141540418,0.6963185007854565,0.6471015669706373,1.3273292581458325,18.59750216081455,0.03208667286880383,0.0841972546035201,0.009637107600207032
2017-10-31,0.1943954081284075,0.34626818696112455,0.18067456086090578,0.47451447196657504,0.5109505096378989,0.5414691101362884,0.2287267018918285,0.34671402343676416,0.2908151707629502,6.148305544716708,11.61829436575858,6.270412238363525,10.403781303966372,6.81183625765345,0.8211864777125688,0.7064628621538412,1.1457042949553693,18.303190341393893,0.004111594444560777,0.07852154636039312,0.014372619915855115
2017-11-30,1.8662476893664515,3.3221015937255842,2.0117925964583394,2.1430885940903845,3.8851271918445227,0.736917877985286,0.39649036499937995,1.5162589393523458,0.5865912797075097,3.1603614861308142,4.613725828862786,2.6055194744910253,4.697324996003052,2.7095406980533125,2.2917393028915622,1.9506989220584585,3.061925551285509,19.736775277041126,0.14049920647174505,0.15576217158060113,0.22809420605493863
2017-12-31,0.08819597430600021,1.0100858367745214,0.10412625911002892,0.49910774121693263,1.1435856518137166,0.3671234836908222,0.2988386269727722,0.4012447526685396,0.6126581392114051,2.356931328609894,4.415449977324607,2.4076907302289943,3.8774330412763685,2.5573513150134715,3.10423656878382,2.5761110495752226,2.726805519422243,20.950267889554112,0.0023230042031098046,0.12839454455028834,0.03604374934249295
2018-01-31,3.5482989514277445,5.316451114261884,3.8380184030697087,4.2160215891439385,5.475001131050033,0.6316128787122842,0.607501634131964,1.6435544671998832,1.1890500874880434,2.036430265436224,3.0654548063821148,2.0634224528456975,3.2473284419223307,2.0159023721339597,4.994029955951213,4.452703322997522,3.7030682546714107,22.948672529347032,0.15686880617808585,0.3337590573398955,0.4588689578141391
2018-02-28,0.3810303745723101,1.5108466027136989,0.8011478449624496,0.6404483025662613,1.961407283051921,0.955228130688087,1.0231177295479454,0.7879220117829859,1.5809376676439273,3.9752563884635426,6.107916869110486,3.0535824364878033,5.3102986924227356,3.676106280083074,3.9867884331529897,3.960759008729352,3.26308526203643,23.296300255931307,0.02059447583785494,0.1906861912166194,0.055430631324486106
2018-03-31,4.793929771418598,5.964415239401353,4.789145813343522,5.026079027470037,6.100017462358935,1.7461265129189976,2.7508386556471267,3.3994567041222052,2.6001923030445453,5.925334607967519,6.98230676652297,4.335735969421532,6.410999208681123,4.598795899589887,5.263502900499255,5.403292725430553,4.712007568360308,26.313193447085386,0.26859510519336643,0.7737074558430546,0.5888968493171286
2018-04-30,1.963946355860663,2.549428047057484,2.16283143557496,2.1118530270333222,2.7210949521068892,1.7886938790532267,3.527113354233705,2.5212121104171525,3.5262860875868647,6.750732358479731,11.55396928406889,7.165532879986285,10.308864220068676,7.209846774260557,4.131095371005364,4.647404286878913,4.123959807430174,26.96028447713804,0.10751291714534918,0.6727123914200921,0.27565437279921173
2018-05-31,0.2614102453424891,0.44315585096436866,0.26240760711069683,0.3910573605891769,0.5943977000851247,2.24912559557248,2.905825378081119,1.0847548387113064,2.120524154854889,10.866048958716549,16.52709657343627,9.505716550832366,15.354833123259953,10.366872186872062,2.0905406754551765,1.9731060406922194,2.955310807441167,23.897537663166332,0.013943114102521605,0.2179414149640422,0.029903202386382496
2018-06-30,0.005479470894002627,0.05968984245256886,0.008107974917420237,0.1182771463953103,0.08643473872407018,1.847453753925674,1.870255886403242,0.4869771768035815,1.0132230875707873,13.478926480252154,21.13001612110242,11.96946447055147,19.177593142146808,12.901320952833853,1.5552691393763054,0.8843278868815008,2.0127039105550057,21.21738481150573,0.0,0.10978159313967695,0.009995238472544552
2018-07-31,0.0005280245909271831,0.06972190849906296,0.0018206842246599963,0.0424173977282775,0.14416130037543218,1.0907857394001796,1.1686787721473837,0.27692018530733614,0.3823133968934398,13.416059261144989,23.45391360676458,12.887940064803965,22.08822674356273,14.094052928258696,1.021995176340934,0.6398151111207456,1.5099777386636548,19.256917757508635,0.0,0.08391766023359441,0.008216869394201829
2018-08-31,0.0,0.021483834888496048,0.0,0.07135359987443783,0.07637896211573796,1.3356420350946057,0.5618035259500723,0.1604818648296391,0.2068781323327797,11.628227197315228,20.43035824334504,11.201972693821565,19.2465774822425,12.069966207315414,0.8307355111980037,0.6351481545979667,1.2341962609732267,18.185861001189974,0.0,0.07059075463816385,0.007227967446931555
2018-09-30,0.0012515053515000309,0.08168057702485709,0.0018458866220287292,0.19829319640087242,0.13510500754709834,1.0706561666411667,0.19313735370993038,0.12752537605408676,0.11066213235347296,9.83487551760137,15.645449036933345,8.435509747686892,14.535057621274094,9.441732747639685,0.8243941733578257,0.6349508347028266,1.0543850291356611,17.604411143964093,0.0,0.05649430885931851,0.006638081010762696
2018-10-31,0.3404231312939085,0.6134635158925351,0.37492155709506036,0.6068047554744551,0.6979699235426882,0.619818978958492,0.5295516266977759,0.5711893078802631,0.36385325272981084,6.024112462044596,10.297555485504233,5.91926592376076,9.931311189840597,6.277381883695155,1.165138918583183,0.7670197983257481,0.9275931334872849,17.954501698751322,0.028214896178858792,0.0730318488887759,0.026356887559393753
2018-11-30,3.2403505397767685,4.471559343520074,3.7195948797245033,2.7250154552303054,3.958655182272511,0.46377777145633214,0.3429694596616253,2.433829123733639,0.46458604332298825,3.7540719828450593,5.921362677810971,3.2848111322220817,5.6489777580803775,3.451269629695513,2.134681159302582,1.398926997621813,2.395700448942281,18.27450790197159,0.16595099767523105,0.1489642404489343,0.3056175637621246
2018-12-31,2.174187374002852,3.430539199774511,2.4092748031242497,2.393821708777327,3.474425411180758,0.6728875362214468,0.6572337561102831,1.3138447446306565,1.1330464389342199,1.8453708521907153,2.9757704371070006,1.8603882757422592,2.5616932167714217,1.8556454204699508,5.778297773791888,4.897957044306721,3.5195168293639023,22.62579832456568,0.11354317731876146,0.2560033077935989,0.22995520678308556
2019-01-31,4.464160042010824,6.663723969243403,5.1398770126816355,4.756332400576194,6.987399258368283,0.9548669435321633,1.1112211261411369,1.997922992887691,1.5176287332411549,2.273801429343775,3.5509761345648743,2.0719452030298995,2.8328877741758696,2.195459946638077,6.361461682887601,6.030298258474251,6.299962523507451,26.448865821250166,0.6754229659953351,0.9393968468901167,0.5401598820120312
2019-02-28,7.420640289407711,9.802645061127903,8.392310198358858,7.421647555595548,8.876831655226173,1.2423407637818191,2.04609263831491,2.779049998887159,2.3608076014798334,2.630141734539487,4.538068820609699,2.7824343643688176,3.3027965236774244,2.595889315225618,7.242729253531559,7.223940912803411,7.75944013689836,31.127309495852842,3.4228945444847465,2.747586834996911,1.6910250402359213
2019-03-31,4.094133261551496,5.2399305566227845,4.449769595081245,4.50020562517101,5.057532726341811,2.201325659210525,3.2436275715003724,3.4077917724591527,3.4347759800603757,5.546875658932978,6.864745068445971,4.399598102487217,5.792263520742781,4.507604065810553,6.551540549015344,6.883221969703128,7.619817436146749,32.483797571173035,1.1104117777762486,3.3048878251240117,1.2151812798301653
2019-04-30,0.582204662609419,1.07118829332154,0.6298097441638818,1.0144411249513225,1.4920472082830436,2.155819980871045,4.217308461174079,2.6329342996318927,4.125141865794534,6.984185979360143,11.215923498604987,7.299127770318775,9.521963520880913,7.236776672430237,4.011955455425604,4.514387556745153,5.75211232965652,30.060401067383438,0.042397129580125426,1.3047616592891806,0.1619762744643536
2019-05-31,3.069262745368672,2.852104705798225,3.433903755493141,1.856187726756395,2.9063295321311076,1.9717728665305145,4.300233426322821,4.6513328425370455,3.1103678158639867,7.463682743484259,13.617025348190584,8.185966938844878,11.730426231896395,8.480475801549558,2.7239286247197025,2.4740532752737225,4.954032830890065,27.275950779270143,0.19706163922633257,0.5134216214763612,0.19030272466832485
2019-06-30,0.028050806633153572,0.07635601546901524,0.0005131450732165922,0.15672130980854537,0.1246140735463519,2.23543805923514,4.129854057945873,1.5102987318654142,2.583001945949826,12.538024307990966,19.973064652223258,11.976350476171195,16.823491891151008,11.883832568297768,2.3565520384700642,1.468570349815077,3.1285351344927124,25.184994147058035,0.0,0.2885730370216528,0.02144604987702937
2019-07-31,0.00020112222524671267,0.016830821976663555,0.0,0.0429172021082314,0.05673694449835372,1.8816006036331179,2.1401333016083384,0.6577264617698407,0.9558644408871967,13.521929463221262,22.352224877558523,12.56433225178586,19.17774680293336,12.60387844193757,1.069340437310701,0.6698772592438915,2.1375178198092297,21.48174131458969,0.0,0.14313804659290677,0.010047780129756401
2019-08-31,0.04401664569136095,0.05977317813530629,0.037193776230566,0.08433849895815096,0.09728187820073787,1.3812573836884317,0.8825657886400897,0.3782791749432333,0.34850761823832116,12.471549338913457,20.793731451014217,11.495152045782538,18.230462605535482,11.733651081875308,0.851409047898244,0.6357540687884738,1.6512943812535719,19.589947500399088,0.00020985143287843136,0.10468900813939866,0.008514324500241534
2019-09-30,0.23158896794892322,0.29255449816547846,0.2641725475874515,0.2976822162249075,0.3862616958736927,1.2239855407609952,0.5392926731448812,0.47568732449191403,0.26495731344275947,9.750323967727036,15.300918052928163,8.914877457549888,14.109513316080424,8.847695399686625,0.9081024247412326,0.6439366888358664,1.3699929923764707,18.85115809161612,0.010298142715741152,0.08860679868769454,0.01103418969986877
2019-10-31,0.007436558833752221,0.2728304213851949,0.007646156952578588,0.35524460655510276,0.3966933161394009,0.5121395071340296,0.21522623867943555,0.1692600310162153,0.2792374846250496,6.0835039863049,12.078222816817016,7.142379213640592,10.524982558370887,6.734952251482462,0.9980899386620957,0.6834081909244639,1.1703691861092391,18.535295907309628,0.0,0.07853823761975363,0.012485985347985118
2019-11-30,0.9493375185081916,2.4211397002126573,2.111460066393873,1.1663370425254012,2.2545836847517062,0.4430427348806608,0.15910838085147164,1.2753880040752956,0.20759068105071787,3.97569393130578,5.977254519602741,3.5787416284554894,5.846434790316015,3.3874728632329276,1.287661279123278,0.8079797473522958,1.0813283589786604,18.407273263961336,0.05872489397740736,0.09759619182063714,0.04011023424603187
2019-12-31,5.039027845934256,6.432952307760513,5.286483004083744,4.834033215919056,6.570070694317671,0.8093538340440131,0.7454230537700316,1.8557599111377794,1.3491540443012464,1.773037813265401,2.8973320293054066,1.948232474644334,2.6453918558898493,1.7240609898160135,6.067341558742857,4.897798022136343,4.946795615148474,23.300978393550196,0.2761803504649252,0.2859716390635624,0.5132242648013161
2020-01-31,1.2682676182254946,3.2955612953535267,1.4304427356512155,1.9640756354654754,3.591245860249772,0.9983464899504108,0.6181382332259778,1.1239889396430185,0.9709486036234385,2.0437013276858815,2.5356731541749253,1.8177882875828595,2.5888234785016926,2.064288572733696,5.779446871419669,,5.079589408228694,25.06492042089262,0.06827979026412964,0.2580601160466049,0.19093496374447705
2020-02-29,0.010626628407218853,1.499201401225412,0.017059574316468526,0.41487066956792307,1.6393073729448981,1.291105921289197,1.8590861416078104,0.8547547824831354,1.7625125601542289,4.882181903476451,6.411577687716639,3.115481289567433,5.480895059340219,3.984222758838611,3.9110814318240554,,4.117141221759097,26.92411271636935,1.0582136352941177e-06,0.40332370998033096,0.027867659930482538
2020-03-31,2.5912096983109523,4.130610501982994,2.7795383001573826,2.579138260410829,3.8346947800285065,1.8503101186170474,2.815145231227458,2.6349138565838057,2.2861837098742193,5.19857916102728,7.28676379347731,4.585328392019486,6.745783130756616,4.784709871629683,3.4763845076535356,,4.067972799465111,26.44960660548314,0.11868504735632138,0.3067477123125939,0.23852806649826633
2020-04-30,2.1091494924203174,2.67048248252566,2.1863388727267443,1.8190816526073645,3.1391435720543313,2.639755089782973,4.213550350440582,2.5362562412615257,3.032546280644685,9.3881379303645,10.49323652887474,7.0566185802706975,10.355796411961526,7.467900098991344,3.3393928274643567,,3.404588712943937,28.446907978695908,0.10350206047495264,0.4476225200145634,0.1672059948568423
2020-05-31,0.8310037887014363,1.5577820895323806,0.9243447508798003,0.7069127548192582,1.4138787689639816,1.4754999585353556,3.9807291443256516,1.0487514211490776,1.658257301471064,8.410398464609033,17.058280056709926,10.316777979858278,15.085221768610575,10.68302523872593,2.177234199971276,,2.547734852487128,24.899002524073303,0.029889530588239316,0.21076226300170126,0.040211683973052616
2020-06-30,0.03999085409218312,0.1380339001902989,0.041378211962482675,0.1520295452198515,0.2075505373640421,1.973292229742013,2.5101860493756147,0.3921045407578808,0.8776903412439279,13.255669563015392,20.913571366927627,12.032462733066703,18.912144099776707,12.520245933698659,1.6623284554606248,,1.8543147338081378,21.81099602306316,0.0050529973382392205,0.12390776051696649,0.014411222791808913
2020-07-31,0.0012024733967650595,0.023799009072789583,0.0,0.041871656667527866,0.060119590375920004,1.6157998836511898,1.1617917770724235,0.1913520521530399,0.35708267708946423,13.56467061074948,23.375558408586397,12.563589761401024,20.928195497960825,13.411336935389839,0.9402976218576571,,1.4471629440879434,19.404184122873723,0.0,0.09129725824652002,0.009398573040288788
2020-08-31,0.018995418630793178,0.0724494708283233,0.02128541549714807,0.08689337875665513,0.1483520356206274,1.3108511432287366,0.6806439067349408,0.14933289406636202,0.20354720971019602,12.742040153785808,21.501198717915845,11.638190400686211,19.733488003626093,12.359496007928458,0.8609788992096528,,1.2059848718721506,18.32784573514248,0.0,0.07387136982451516,0.00814832808615008
2020-09-30,0.0,0.10337697460499017,0.00012377834592646947,0.19837674732346683,0.22484854929027795,0.7066575465975288,0.26649222958666874,0.10787078464874682,0.1789158891583293,9.893136398994084,16.724296563245126,8.984478286767349,15.671961522145653,9.866086908466535,0.8608250687901989,,1.0434992198595765,17.815400015227976,0.0,0.061802597706545774,0.007965397321602903
2020-10-31,0.0002431423419876725,0.48150846709323525,0.0,0.35740725280266455,0.6006381752066282,0.604053017902679,0.11641018094870446,0.08648830639082537,0.2468123303572477,8.221357354477533,12.25655821616705,6.281335483116857,11.51134112674862,7.242575108107852,0.9475199280812078,,0.9244496303802731,17.58776107395761,0.0,0.055603803746909646,0.010484995963138585
2020-11-30,0.5935960580017273,1.8928036030425937,0.6082585616577763,0.8892104669021903,2.532971442060797,0.42317563704945055,0.22430319499571724,0.8089674397532455,0.42794451765766844,2.3915742574731147,5.675986932130181,3.028789338028264,5.5449854748050695,3.317225113793864,1.4575989768752,,0.937616011035909,18.016307989253157,0.04231047396145876,0.060453390974008245,0.06843030449920473
2020-12-31,1.5325647490155239,3.584753188920047,1.6465725217684422,1.6276495460830367,3.587244610965248,0.4807915125019373,0.2817616890502762,1.1295182521984433,0.6240484137493353,2.2872662524494976,3.635354061600425,1.9294835946783335,3.2681398234039234,2.3750710711368006,2.766749348251444,,1.210442228406312,18.822793081288843,0.06684111982835321,0.07076838413138481,0.1209404626998683
